Date,Children apprehended and placed in CBP custody,Children in CBP custody,Children transferred out of CBP custody,Children in HHS Care,Children discharged from HHS Care,Total System Load,Total Children Under Care,Net Intake Pressure,Care Load Volatility Index,Backlog Accumulation Rate,Discharge Offset Ratio
2023-01-12,33.0,53.0,34.0,6566,436.0,6619.0,6619.0,-402.0,0.0,0.800725185073274,6.587097748904669
2023-01-22,32.0,49.0,39.0,7122,227.0,7171.0,7171.0,-188.0,8.339628342649942,0.6833077673964579,3.1655278203876724
2023-01-23,32.0,50.0,39.0,7280,181.0,7330.0,7330.0,-142.0,2.2172639799191263,0.6821282401091405,2.4693042291950884
2023-01-24,47.0,42.0,47.0,7433,175.0,7475.0,7475.0,-128.0,1.9781718963165051,0.5618729096989966,2.341137123745819
2023-01-25,20.0,22.0,41.0,7538,180.0,7560.0,7560.0,-139.0,1.1371237458194017,0.291005291005291,2.380952380952381
2023-01-29,23.0,45.0,11.0,7472,303.0,7517.0,7517.0,-292.0,0.5687830687830742,0.5986430756950911,4.0308633763469475
2023-01-30,34.0,54.0,29.0,7743,196.0,7797.0,7797.0,-167.0,3.7248902487694524,0.6925740669488265,2.5137873541105553
2023-01-31,26.0,36.0,36.0,7803,158.0,7839.0,7839.0,-122.0,0.538668718737978,0.4592422502870264,2.0155632095930605
2023-02-01,25.0,32.0,27.0,7903,231.0,7935.0,7935.0,-204.0,1.2246460007653948,0.40327662255828606,2.9111531190926274
2023-02-02,15.0,13.0,23.0,7879,298.0,7892.0,7892.0,-275.0,0.5419029615627013,0.16472377090724785,3.775975671566143
2023-02-05,16.0,18.0,15.0,7586,342.0,7604.0,7604.0,-327.0,3.6492650785605707,0.23671751709626512,4.497632824829037
2023-02-06,11.0,22.0,12.0,7720,196.0,7742.0,7742.0,-184.0,1.8148342977380327,0.28416429863084475,2.5316455696202533
2023-02-07,16.0,20.0,20.0,7855,200.0,7875.0,7875.0,-180.0,1.7179023508137492,0.25396825396825395,2.5396825396825395
2023-02-08,93.0,196.0,169.0,7915,317.0,8111.0,8111.0,-148.0,2.9968253968253977,2.4164714585131306,3.9082727160646034
2023-02-09,124.0,234.0,161.0,7908,353.0,8142.0,8142.0,-192.0,0.3821970163974786,2.8739867354458366,4.3355440923606
2023-02-12,92.0,203.0,173.0,7434,317.0,7637.0,7637.0,-144.0,6.202407270940801,2.6581118240146653,4.150844572476103
2023-02-13,186.0,259.0,172.0,7483,244.0,7742.0,7742.0,-72.0,1.3748854262144894,3.3453887884267632,3.151640402996642
2023-02-14,154.0,225.0,220.0,7794,223.0,8019.0,8019.0,-3.0,3.577886850942913,2.8058361391694726,2.780895373487966
2023-02-15,91.0,199.0,172.0,7869,290.0,8068.0,8068.0,-118.0,0.6110487591969083,2.4665344571145265,3.5944471988101143
2023-02-16,81.0,213.0,153.0,7793,361.0,8006.0,8006.0,-208.0,0.7684680218145723,2.6605046215338497,4.509118161378966
2023-02-20,209.0,285.0,184.0,7817,209.0,8102.0,8102.0,-25.0,1.1991006744941357,3.517649962972106,2.5796099728462107
2023-02-21,184.0,314.0,217.0,7967,213.0,8281.0,8281.0,4.0,2.209331029375461,3.791812583021374,2.5721531216036713
2023-02-22,107.0,215.0,230.0,7978,232.0,8193.0,8193.0,-2.0,1.0626735901461126,2.6241913828878314,2.8316855852557063
2023-02-23,101.0,162.0,178.0,7914,386.0,8076.0,8076.0,-208.0,1.42804833394361,2.0059435364041605,4.779593858345716
2023-02-26,99.0,190.0,176.0,7609,323.0,7799.0,7799.0,-147.0,3.42991579990094,2.4362097704833956,4.141556609821772
2023-02-27,167.0,239.0,166.0,7800,248.0,8039.0,8039.0,-82.0,3.077317604821128,2.973006592859808,3.0849608160218933
2023-02-28,115.0,216.0,169.0,7896,200.0,8112.0,8112.0,-31.0,0.9080731434258027,2.6627218934911245,2.465483234714004
2023-03-01,84.0,158.0,193.0,7930,307.0,8088.0,8088.0,-114.0,0.295857988165682,1.95351137487636,3.795746785361029
2023-03-02,130.0,227.0,192.0,7870,335.0,8097.0,8097.0,-143.0,0.1112759643916883,2.803507471903174,4.137334815363715
2023-03-07,88.0,214.0,160.0,7859,259.0,8073.0,8073.0,-99.0,0.2964060763245624,2.6508113464635206,3.208224947355382
2023-03-08,113.0,208.0,159.0,7885,291.0,8093.0,8093.0,-132.0,0.24773937817414993,2.5701223279377237,3.5956999876436426
2023-03-09,174.0,285.0,150.0,7786,340.0,8071.0,8071.0,-190.0,0.27183986160880247,3.5311609465989346,4.212613059100483
2023-03-13,104.0,230.0,206.0,7567,249.0,7797.0,7797.0,-43.0,3.3948705240986254,2.949852507374631,3.193535975375144
2023-03-14,147.0,276.0,214.0,7810,181.0,8086.0,8086.0,33.0,3.70655380274465,3.413306950284442,2.2384368043532032
2023-03-15,108.0,220.0,213.0,7915,286.0,8135.0,8135.0,-73.0,0.6059856542171671,2.704363859864782,3.515673017824216
2023-03-16,180.0,280.0,146.0,7989,308.0,8269.0,8269.0,-162.0,1.647203441917644,3.386141008586286,3.7247551094449145
2023-03-19,134.0,294.0,186.0,7885,306.0,8179.0,8179.0,-120.0,1.0884024670455905,3.594571463504096,3.7412886660961
2023-03-20,202.0,313.0,158.0,7931,279.0,8244.0,8244.0,-121.0,0.7947181807066883,3.796700630761766,3.384279475982533
2023-03-21,110.0,272.0,193.0,8050,221.0,8322.0,8322.0,-28.0,0.9461426491994107,3.2684450853160296,2.655611631819274
2023-03-22,166.0,277.0,229.0,8097,246.0,8374.0,8374.0,-17.0,0.6248497957221932,3.3078576546453307,2.9376641987102934
2023-03-23,136.0,276.0,178.0,8102,331.0,8378.0,8378.0,-153.0,0.04776689754000252,3.2943423251372645,3.950823585581284
2023-03-26,87.0,246.0,173.0,7847,352.0,8093.0,8093.0,-179.0,3.4017665313917367,3.0396639070801927,4.349437785740764
2023-03-27,84.0,171.0,157.0,7994,235.0,8165.0,8165.0,-78.0,0.8896577289015273,2.0943049601959585,2.8781383955909368
2023-03-28,167.0,209.0,157.0,8079,223.0,8288.0,8288.0,-66.0,1.5064298836497292,2.521718146718147,2.6906370656370653
2023-03-29,109.0,245.0,159.0,8208,267.0,8453.0,8453.0,-108.0,1.9908301158301223,2.8983792736306633,3.158641902283213
2023-03-30,156.0,256.0,176.0,8158,359.0,8414.0,8414.0,-183.0,0.4613746598840618,3.042548134062277,4.266698359876397
2023-04-02,125.0,232.0,192.0,7981,304.0,8213.0,8213.0,-112.0,2.388875683384839,2.824789967125289,3.701448922440034
2023-04-03,118.0,139.0,168.0,8054,284.0,8193.0,8193.0,-116.0,0.24351637647631597,1.6965702428902723,3.4663737336750886
2023-04-04,142.0,235.0,139.0,8068,259.0,8303.0,8303.0,-120.0,1.3426095447333086,2.830302300373359,3.119354450198723
2023-04-05,148.0,245.0,175.0,8175,260.0,8420.0,8420.0,-85.0,1.4091292303986425,2.9097387173396676,3.0878859857482186
2023-04-06,119.0,219.0,210.0,8178,284.0,8397.0,8397.0,-74.0,0.2731591448931092,2.608074312254377,3.382160295343575
2023-04-09,105.0,210.0,149.0,7900,329.0,8110.0,8110.0,-180.0,3.4178873407169186,2.5893958076448826,4.05672009864365
2023-04-10,143.0,203.0,163.0,7826,265.0,8029.0,8029.0,-102.0,0.998766954377317,2.528334786399302,3.3005355586000746
2023-04-11,119.0,209.0,152.0,7922,187.0,8131.0,8131.0,-35.0,1.2703948187819059,2.5704095437215595,2.2998401180666583
2023-04-12,155.0,212.0,181.0,7876,283.0,8088.0,8088.0,-102.0,0.5288402410527637,2.6211671612265084,3.4990108803165185
2023-04-13,109.0,214.0,173.0,7795,370.0,8009.0,8009.0,-197.0,0.97675568743818,2.671994006742415,4.61980272193782
2023-04-16,191.0,283.0,192.0,7380,272.0,7663.0,7663.0,-80.0,4.320139842676984,3.6930705989821218,3.549523685240767
2023-04-17,170.0,297.0,196.0,7344,248.0,7641.0,7641.0,-52.0,0.2870938274827095,3.8869257950530036,3.2456484753304546
2023-04-18,152.0,272.0,214.0,7376,234.0,7648.0,7648.0,-20.0,0.0916110456746555,3.556485355648536,3.059623430962343
2023-04-19,239.0,367.0,224.0,7356,229.0,7723.0,7723.0,-5.0,0.9806485355648542,4.752039362941862,2.9651689757866118
2023-04-20,113.0,280.0,237.0,7490,320.0,7770.0,7770.0,-83.0,0.6085717985238936,3.6036036036036037,4.1184041184041185
2023-04-23,196.0,306.0,187.0,7534,266.0,7840.0,7840.0,-79.0,0.9009009009008917,3.903061224489796,3.392857142857143
2023-04-24,236.0,330.0,222.0,7796,213.0,8126.0,8126.0,9.0,3.647959183673466,4.061038641397982,2.621215850356879
2023-04-25,81.0,230.0,242.0,8017,202.0,8247.0,8247.0,40.0,1.4890475018459304,2.7888929307627017,2.449375530495938
2023-04-26,118.0,245.0,160.0,8117,256.0,8362.0,8362.0,-96.0,1.3944464653813604,2.929921071513992,3.061468548194212
2023-04-27,218.0,283.0,208.0,8159,310.0,8442.0,8442.0,-102.0,0.9567089213107005,3.3522861881070836,3.67211561241412
2023-04-30,132.0,243.0,183.0,8352,293.0,8595.0,8595.0,-110.0,1.8123667377398789,2.8272251308900525,3.408958696916812
2023-05-01,224.0,315.0,152.0,8492,237.0,8807.0,8807.0,-85.0,2.4665503199534644,3.576700351992733,2.69104121721358
2023-05-02,167.0,326.0,213.0,8654,245.0,8980.0,8980.0,-32.0,1.964346542522999,3.6302895322939865,2.728285077951002
2023-05-03,209.0,353.0,232.0,8704,267.0,9057.0,9057.0,-35.0,0.8574610244988845,3.897537816053881,2.947996025173899
2023-05-04,153.0,253.0,286.0,8790,332.0,9043.0,9043.0,-46.0,0.15457657060836683,2.7977441114674333,3.67134800398098
2023-05-07,180.0,337.0,219.0,8485,375.0,8822.0,8822.0,-156.0,2.4438792436138446,3.8199954658807522,4.250736794377692
2023-05-08,133.0,287.0,189.0,8590,261.0,8877.0,8877.0,-72.0,0.6234413965087171,3.2330742367917087,2.94018249408584
2023-05-09,187.0,310.0,247.0,8606,250.0,8916.0,8916.0,-3.0,0.4393376140588101,3.4768954688200986,2.803947958725886
2023-05-10,168.0,285.0,210.0,8681,304.0,8966.0,8966.0,-94.0,0.56078959174517,3.178674994423377,3.3905866607182693
2023-05-11,269.0,412.0,204.0,8672,392.0,9084.0,9084.0,-188.0,1.3160829801472262,4.535446939674152,4.315279612505504
2023-05-14,100.0,255.0,236.0,8445,288.0,8700.0,8700.0,-52.0,4.227212681638049,2.9310344827586206,3.310344827586207
2023-05-15,205.0,294.0,177.0,8571,277.0,8865.0,8865.0,-100.0,1.8965517241379404,3.3164128595600673,3.124647490129724
2023-05-16,161.0,304.0,211.0,8572,272.0,8876.0,8876.0,-61.0,0.12408347433727762,3.4249662009914377,3.064443442992339
2023-05-17,57.0,162.0,193.0,8569,307.0,8731.0,8731.0,-114.0,1.6336187471834185,1.855457564998282,3.516206620089337
2023-05-18,80.0,122.0,152.0,8474,351.0,8596.0,8596.0,-199.0,1.5462146374985664,1.4192647743136344,4.083294555607259
2023-05-21,107.0,170.0,133.0,7826,343.0,7996.0,7996.0,-210.0,6.979990693345739,2.126063031515758,4.289644822411206
2023-05-22,99.0,156.0,139.0,7848,240.0,8004.0,8004.0,-101.0,0.10005002501249916,1.9490254872563717,2.998500749625187
2023-05-23,25.0,66.0,94.0,7788,246.0,7854.0,7854.0,-152.0,1.874062968515744,0.8403361344537815,3.132161955691368
2023-05-24,35.0,70.0,53.0,7709,276.0,7779.0,7779.0,-223.0,0.9549274255156615,0.8998585936495693,3.548013883532588
2023-05-25,43.0,73.0,64.0,7546,408.0,7619.0,7619.0,-344.0,2.056819642627583,0.958130988318677,5.355033468959181
2023-05-29,41.0,60.0,71.0,6996,207.0,7056.0,7056.0,-136.0,7.389421183882394,0.8503401360544218,2.933673469387755
2023-05-30,65.0,83.0,65.0,7046,168.0,7129.0,7129.0,-103.0,1.0345804988662222,1.1642586618038995,2.3565717491934355
2023-05-31,38.0,80.0,82.0,7053,210.0,7133.0,7133.0,-128.0,0.05610885117126596,1.1215477358755082,2.9440628066732093
2023-06-01,56.0,82.0,68.0,7002,287.0,7084.0,7084.0,-219.0,0.6869479882237517,1.1575381140598533,4.051383399209486
2023-06-04,74.0,103.0,80.0,6555,292.0,6658.0,6658.0,-212.0,6.013551665725581,1.5470111144487835,4.385701411835386
2023-06-05,68.0,107.0,102.0,6523,189.0,6630.0,6630.0,-87.0,0.4205467107239458,1.613876319758673,2.8506787330316743
2023-06-06,92.0,124.0,93.0,6508,187.0,6632.0,6632.0,-94.0,0.030165912518853588,1.8697225572979495,2.819662243667069
2023-06-07,113.0,162.0,107.0,6483,208.0,6645.0,6645.0,-101.0,0.19601930036188264,2.4379232505643342,3.1301730624529718
2023-06-08,106.0,196.0,131.0,6446,255.0,6642.0,6642.0,-124.0,0.04514672686229959,2.95091839807287,3.8392050587172535
2023-06-11,86.0,152.0,168.0,6007,238.0,6159.0,6159.0,-70.0,7.271906052393861,2.467933106023705,3.864263679168696
2023-06-12,84.0,118.0,136.0,6021,177.0,6139.0,6139.0,-41.0,0.32472804026627555,1.9221371558885814,2.8832057338328716
2023-06-13,59.0,64.0,117.0,6061,146.0,6125.0,6125.0,-29.0,0.22805017103763037,1.0448979591836736,2.3836734693877553
2023-06-14,62.0,97.0,52.0,6065,167.0,6162.0,6162.0,-115.0,0.604081632653064,1.5741642323920804,2.710159039272963
2023-06-15,91.0,75.0,97.0,6038,272.0,6113.0,6113.0,-175.0,0.7951963648166194,1.2268935056437102,4.449533780467855
2023-06-19,29.0,51.0,11.0,5679,142.0,5730.0,5730.0,-131.0,6.265336168820546,0.8900523560209425,2.4781849912739964
2023-06-20,33.0,53.0,34.0,5904,134.0,5957.0,5957.0,-100.0,3.961605584642225,0.8897095853617593,2.249454423367467
2023-06-21,93.0,196.0,169.0,5922,149.0,6118.0,6118.0,20.0,2.7027027027026973,3.203661327231121,2.435436417129781
2023-06-22,124.0,234.0,161.0,5956,207.0,6190.0,6190.0,-46.0,1.1768551814318462,3.7802907915993536,3.344103392568659
2023-06-25,92.0,203.0,173.0,5766,263.0,5969.0,5969.0,-90.0,3.5702746365104954,3.400904674149774,4.406098173898475
2023-06-26,186.0,259.0,172.0,5819,174.0,6078.0,6078.0,-2.0,1.8261015245434775,4.2612701546561365,2.8627838104639687
2023-06-27,154.0,225.0,220.0,5917,155.0,6142.0,6142.0,65.0,1.0529779532741035,3.6633018560729402,2.523607945294692
2023-06-28,91.0,199.0,172.0,5999,174.0,6198.0,6198.0,-2.0,0.9117551286226044,3.2107131332687966,2.8073572120038723
2023-06-29,81.0,213.0,153.0,6058,213.0,6271.0,6271.0,-60.0,1.177799290093584,3.3965874661138575,3.3965874661138575
2023-07-02,209.0,285.0,184.0,5903,309.0,6188.0,6188.0,-125.0,1.3235528623823933,4.6056884292178415,4.993535875888817
2023-07-04,184.0,314.0,217.0,6127,124.0,6441.0,6441.0,93.0,4.088558500323214,4.87501940692439,1.9251668995497593
2023-07-05,107.0,215.0,230.0,6193,167.0,6408.0,6408.0,63.0,0.5123428039124356,3.355181023720349,2.6061173533083646
2023-07-06,101.0,162.0,178.0,6239,205.0,6401.0,6401.0,-27.0,0.10923845193507864,2.5308545539759413,3.202624589907827
2023-07-09,99.0,190.0,176.0,6214,196.0,6404.0,6404.0,-20.0,0.04686767692547722,2.966895690193629,3.0605871330418486
2023-07-10,167.0,239.0,166.0,6346,163.0,6585.0,6585.0,3.0,2.826358525921302,3.6294608959757024,2.475322703113136
2023-07-11,115.0,216.0,169.0,6498,143.0,6714.0,6714.0,26.0,1.9589977220956678,3.2171581769436997,2.1298778671432825
2023-07-12,84.0,158.0,193.0,6521,210.0,6679.0,6679.0,-17.0,0.5212987786714307,2.3656235963467585,3.144183260967211
2023-07-13,130.0,227.0,192.0,6604,226.0,6831.0,6831.0,-34.0,2.2757897888905587,3.3230859317815837,3.3084467867076564
2023-07-16,88.0,214.0,160.0,6468,218.0,6682.0,6682.0,-58.0,2.1812326160152273,3.2026339419335526,3.2624962586052084
2023-07-17,113.0,208.0,159.0,6632,160.0,6840.0,6840.0,-1.0,2.3645615085303717,3.0409356725146197,2.3391812865497075
2023-07-18,174.0,285.0,150.0,6874,181.0,7159.0,7159.0,-31.0,4.66374269005847,3.9810029333705823,2.5282860734739487
2023-07-19,104.0,230.0,206.0,7001,226.0,7231.0,7231.0,-20.0,1.005727056851513,3.1807495505462593,3.1254321670584977
2023-07-20,147.0,276.0,214.0,7116,281.0,7392.0,7392.0,-67.0,2.2265246853823806,3.7337662337662336,3.8014069264069263
2023-07-23,108.0,220.0,213.0,7052,276.0,7272.0,7272.0,-63.0,1.6233766233766267,3.0253025302530254,3.7953795379537953
2023-07-24,180.0,280.0,146.0,7220,187.0,7500.0,7500.0,-41.0,3.1353135313531455,3.733333333333334,2.493333333333333
2023-07-25,134.0,294.0,186.0,7510,136.0,7804.0,7804.0,50.0,4.053333333333331,3.7672988211173757,1.742696053305997
2023-07-26,202.0,313.0,158.0,7647,215.0,7960.0,7960.0,-57.0,1.9989748846745314,3.9321608040201004,2.701005025125628
2023-07-27,110.0,272.0,193.0,7754,259.0,8026.0,8026.0,-66.0,0.8291457286432102,3.388985796162472,3.227012210316472
2023-07-30,166.0,277.0,229.0,7671,305.0,7948.0,7948.0,-76.0,0.9718415150759996,3.485153497735279,3.8374433819828884
2023-07-31,136.0,276.0,178.0,7800,220.0,8076.0,8076.0,-42.0,1.610468042274782,3.4175334323922733,2.7241208519068847
2023-08-01,87.0,246.0,173.0,8103,168.0,8349.0,8349.0,5.0,3.3803863298662806,2.9464606539705356,2.012217031979878
2023-08-02,84.0,171.0,157.0,8261,271.0,8432.0,8432.0,-114.0,0.9941310336567311,2.027988614800759,3.213946869070209
2023-08-03,167.0,209.0,157.0,8294,339.0,8503.0,8503.0,-182.0,0.8420303605312984,2.457956015523933,3.9868281782900152
2023-08-06,109.0,245.0,159.0,8298,322.0,8543.0,8543.0,-163.0,0.4704222039280337,2.8678450193140583,3.769167739669905
2023-08-07,156.0,256.0,176.0,8493,202.0,8749.0,8749.0,-26.0,2.4113309141987616,2.926048691279003,2.308835295462339
2023-08-08,125.0,232.0,192.0,8725,207.0,8957.0,8957.0,-15.0,2.3774145616641817,2.5901529529976557,2.311041643407391
2023-08-09,118.0,139.0,168.0,8888,251.0,9027.0,9027.0,-83.0,0.7815116668527411,1.5398249695358368,2.7805472471474464
2023-08-10,142.0,235.0,139.0,8914,353.0,9149.0,9149.0,-214.0,1.3515010523983628,2.5685867307902503,3.8583451743359927
2023-08-16,148.0,245.0,175.0,9634,288.0,9879.0,9879.0,-113.0,7.979014099901627,2.480008097985626,2.915274825387185
2023-08-17,119.0,219.0,210.0,9694,407.0,9913.0,9913.0,-197.0,0.34416438910820357,2.20922021587814,4.10571976192878
2023-08-20,105.0,210.0,149.0,9483,390.0,9693.0,9693.0,-241.0,2.219307979420959,2.166511915815537,4.023522129371711
2023-08-21,143.0,203.0,163.0,9668,281.0,9871.0,9871.0,-118.0,1.8363767667388897,2.05652922702867,2.846722723128356
2023-08-22,119.0,209.0,152.0,9921,230.0,10130.0,10130.0,-78.0,2.623847634484844,2.063178677196446,2.270483711747285
2023-08-23,155.0,212.0,181.0,10071,285.0,10283.0,10283.0,-104.0,1.5103652517275412,2.061655159000292,2.7715647184673733
2023-08-24,109.0,214.0,173.0,10026,443.0,10240.0,10240.0,-270.0,0.41816590489156535,2.08984375,4.326171875
2023-08-27,191.0,283.0,192.0,9873,488.0,10156.0,10156.0,-296.0,0.8203124999999978,2.78653012997243,4.8050413548641195
2023-08-28,170.0,297.0,196.0,10012,388.0,10309.0,10309.0,-192.0,1.5064986215045373,2.880977786400233,3.7637016199437388
2023-08-29,152.0,272.0,214.0,10180,286.0,10452.0,10452.0,-72.0,1.387137452711218,2.6023727516264827,2.736318407960199
2023-08-30,239.0,367.0,224.0,10280,366.0,10647.0,10647.0,-142.0,1.8656716417910557,3.446980370057293,3.4375880529726683
2023-08-31,113.0,280.0,237.0,10140,505.0,10420.0,10420.0,-268.0,2.1320559782098236,2.6871401151631478,4.846449136276392
2023-09-04,196.0,306.0,187.0,9988,293.0,10294.0,10294.0,-106.0,1.2092130518234212,2.9726054012045853,2.84631824363707
2023-09-05,236.0,330.0,222.0,10142,243.0,10472.0,10472.0,-21.0,1.7291626190013565,3.1512605042016806,2.3204736440030556
2023-09-06,81.0,230.0,242.0,10356,291.0,10586.0,10586.0,-49.0,1.0886172650878434,2.1726808993009636,2.7489136595503494
2023-09-07,118.0,245.0,160.0,10419,398.0,10664.0,10664.0,-238.0,0.7368222180238027,2.297449362340585,3.7321830457614404
2023-09-10,218.0,283.0,208.0,10282,382.0,10565.0,10565.0,-174.0,0.9283570892723136,2.678655939422622,3.6157122574538567
2023-09-11,132.0,243.0,183.0,10492,277.0,10735.0,10735.0,-94.0,1.6090866067203002,2.263623660922217,2.5803446669771772
2023-09-12,224.0,315.0,152.0,10649,316.0,10964.0,10964.0,-164.0,2.133209129017244,2.873039036847866,2.8821597956950016
2023-09-13,167.0,326.0,213.0,10678,343.0,11004.0,11004.0,-130.0,0.36483035388543694,2.9625590694292985,3.11704834605598
2023-09-14,209.0,353.0,232.0,10837,414.0,11190.0,11190.0,-182.0,1.6902944383860419,3.154602323503128,3.6997319034852545
2023-09-17,153.0,253.0,286.0,10799,427.0,11052.0,11052.0,-141.0,1.2332439678284235,2.289178429243576,3.8635541078537825
2023-09-18,180.0,337.0,219.0,10892,313.0,11229.0,11229.0,-94.0,1.601520086862096,3.001157716626592,2.78742541633271
2023-09-19,133.0,287.0,189.0,11095,260.0,11382.0,11382.0,-71.0,1.362543414373496,2.5215252152521526,2.284308557371288
2023-09-20,187.0,310.0,247.0,11064,364.0,11374.0,11374.0,-117.0,0.07028641714988959,2.7255143309301917,3.2002813434148054
2023-09-21,168.0,285.0,210.0,11067,428.0,11352.0,11352.0,-218.0,0.19342359767892114,2.510570824524313,3.770260747004933
2023-09-24,269.0,412.0,204.0,10744,403.0,11156.0,11156.0,-199.0,1.7265680056377741,3.6930799569738255,3.612405880243815
2023-09-25,100.0,255.0,236.0,10842,284.0,11097.0,11097.0,-48.0,0.5288633918967389,2.297918356312517,2.5592502478147248
2023-09-26,205.0,294.0,177.0,10978,332.0,11272.0,11272.0,-155.0,1.5770027935477993,2.6082327892122072,2.9453513129879347
2023-09-27,161.0,304.0,211.0,11017,331.0,11321.0,11321.0,-120.0,0.434705464868701,2.6852751523716987,2.9237699849836587
2023-09-28,57.0,162.0,193.0,10984,447.0,11146.0,11146.0,-254.0,1.545799841003448,1.453436210299659,4.010407321012022
2023-10-01,80.0,122.0,152.0,10598,493.0,10720.0,10720.0,-341.0,3.8219989233805873,1.1380597014925373,4.598880597014925
2023-10-02,107.0,170.0,133.0,10724,284.0,10894.0,10894.0,-151.0,1.6231343283582111,1.5604920139526346,2.606939599779695
2023-10-03,99.0,156.0,139.0,10818,287.0,10974.0,10974.0,-148.0,0.7343491830365423,1.4215418261344996,2.6152724621833423
2023-10-04,25.0,66.0,94.0,10963,330.0,11029.0,11029.0,-236.0,0.5011846181884438,0.5984223411007344,2.9921117055036723
2023-10-05,35.0,70.0,53.0,11130,427.0,11200.0,11200.0,-374.0,1.5504578837610028,0.625,3.8125
2023-10-09,43.0,73.0,64.0,10815,282.0,10888.0,10888.0,-218.0,2.7857142857142803,0.6704628949301984,2.5900073475385748
2023-10-10,41.0,60.0,71.0,10910,257.0,10970.0,10970.0,-186.0,0.7531227038942045,0.5469462169553327,2.342752962625342
2023-10-11,65.0,83.0,65.0,10960,266.0,11043.0,11043.0,-201.0,0.6654512306289773,0.7516073530743458,2.408765733949108
2023-10-12,38.0,80.0,82.0,10992,398.0,11072.0,11072.0,-316.0,0.2626097980621189,0.7225433526011561,3.5946531791907517
2023-10-15,56.0,82.0,68.0,10571,434.0,10653.0,10653.0,-366.0,3.7843208092485536,0.7697362245376889,4.073969773772646
2023-10-16,74.0,103.0,80.0,10629,331.0,10732.0,10732.0,-251.0,0.7415751431521622,0.9597465523667535,3.084234066343645
2023-10-17,68.0,107.0,102.0,10630,315.0,10737.0,10737.0,-213.0,0.04658963846440045,0.9965539722455061,2.933780385582565
2023-10-18,92.0,124.0,93.0,10511,393.0,10635.0,10635.0,-300.0,0.9499860296172113,1.1659614480488951,3.695345557122708
2023-10-19,113.0,162.0,107.0,10319,406.0,10481.0,10481.0,-299.0,1.4480488951574944,1.5456540406449766,3.8736761759374105
2023-10-22,106.0,196.0,131.0,9506,454.0,9702.0,9702.0,-323.0,7.432496899150842,2.0202020202020203,4.679447536590393
2023-10-23,86.0,152.0,168.0,9436,327.0,9588.0,9588.0,-159.0,1.1750154607297447,1.5853149770546515,3.410513141426783
2023-10-24,84.0,118.0,136.0,9396,300.0,9514.0,9514.0,-164.0,0.7717980809345049,1.2402774858103847,3.153247845280639
2023-10-25,59.0,64.0,117.0,9351,293.0,9415.0,9415.0,-176.0,1.0405717889426125,0.6797663303239512,3.112055231014339
2023-10-26,62.0,97.0,52.0,9235,390.0,9332.0,9332.0,-338.0,0.8815719596388716,1.0394342048864125,4.179168452636091
2023-10-29,91.0,75.0,97.0,8925,418.0,9000.0,9000.0,-321.0,3.557651093013292,0.8333333333333334,4.644444444444444
2023-10-30,29.0,51.0,11.0,9026,278.0,9077.0,9077.0,-267.0,0.855555555555565,0.5618596452572436,3.0626859094414454
2023-10-31,33.0,53.0,34.0,9072,295.0,9125.0,9125.0,-261.0,0.5288090778891696,0.5808219178082192,3.232876712328767
2023-11-01,132.0,235.0,197.0,9250,279.0,9485.0,9485.0,-82.0,3.945205479452052,2.477596204533474,2.9414865577227203
2023-11-02,174.0,208.0,256.0,9442,330.0,9650.0,9650.0,-74.0,1.7395888244596813,2.155440414507772,3.419689119170984
2023-11-05,123.0,230.0,167.0,9273,370.0,9503.0,9503.0,-203.0,1.523316062176161,2.420288330001052,3.893507313479954
2023-11-06,123.0,233.0,159.0,9286,316.0,9519.0,9519.0,-157.0,0.1683678838261704,2.4477361067339007,3.3196764366004836
2023-11-07,141.0,232.0,188.0,9483,231.0,9715.0,9715.0,-43.0,2.0590398151066225,2.3880597014925375,2.377766340710242
2023-11-08,158.0,226.0,191.0,9634,310.0,9860.0,9860.0,-119.0,1.4925373134328401,2.2920892494929004,3.1440162271805274
2023-11-12,96.0,160.0,233.0,9477,313.0,9637.0,9637.0,-80.0,2.2616632860040564,1.6602677181695547,3.247898723669192
2023-11-13,141.0,173.0,129.0,9510,287.0,9683.0,9683.0,-158.0,0.4773269689737569,1.7866363730248889,2.9639574512031395
2023-11-14,116.0,181.0,182.0,9665,247.0,9846.0,9846.0,-65.0,1.6833625942373143,1.8383099735933373,2.508632947389803
2023-11-15,150.0,157.0,201.0,9762,316.0,9919.0,9919.0,-115.0,0.7414178346536682,1.5828208488758946,3.185805020667406
2023-11-16,80.0,176.0,125.0,9762,374.0,9938.0,9938.0,-249.0,0.191551567698367,1.7709800764741397,3.7633326625075467
2023-11-19,116.0,188.0,164.0,9573,435.0,9761.0,9761.0,-271.0,1.7810424632722865,1.9260321688351603,4.45651060342178
2023-11-20,105.0,185.0,158.0,9638,298.0,9823.0,9823.0,-140.0,0.635180821637138,1.8833350300315588,3.033696426753538
2023-11-21,136.0,246.0,123.0,9804,250.0,10050.0,10050.0,-127.0,2.310902982795482,2.4477611940298507,2.4875621890547266
2023-11-23,128.0,228.0,177.0,9838,283.0,10066.0,10066.0,-106.0,0.1592039800994982,2.265050665606994,2.8114444665209617
2023-11-26,90.0,196.0,205.0,9845,312.0,10041.0,10041.0,-107.0,0.24836081859725967,1.9519968130664276,3.1072602330445176
2023-11-27,56.0,82.0,68.0,10123,214.0,10205.0,10205.0,-146.0,1.6333034558311033,0.8035276825085742,2.097011268985791
2023-11-28,74.0,103.0,80.0,10223,223.0,10326.0,10326.0,-143.0,1.185693287604117,0.9974820840596553,2.1595971334495445
2023-11-29,68.0,107.0,102.0,10398,284.0,10505.0,10505.0,-182.0,1.73348828200659,1.0185625892432175,2.703474535935269
2023-11-30,92.0,124.0,93.0,10536,320.0,10660.0,10660.0,-227.0,1.47548786292242,1.1632270168855536,3.0018761726078798
2023-12-03,132.0,235.0,197.0,10579,417.0,10814.0,10814.0,-220.0,1.4446529080675452,2.173108932864805,3.856112446828186
2023-12-04,174.0,208.0,256.0,10635,273.0,10843.0,10843.0,-17.0,0.2681708895875712,1.9182882965968828,2.5177533892834085
2023-12-05,123.0,230.0,167.0,10761,261.0,10991.0,10991.0,-94.0,1.364935903347786,2.0926212355563645,2.3746701846965697
2023-12-06,123.0,233.0,159.0,10832,376.0,11065.0,11065.0,-217.0,0.6732781366572738,2.10573881608676,3.3981021238138274
2023-12-07,141.0,232.0,188.0,10897,466.0,11129.0,11129.0,-278.0,0.5784003615002309,2.084643723604996,4.187258513792794
2023-12-10,158.0,226.0,191.0,10871,411.0,11097.0,11097.0,-220.0,0.2875370653248277,2.036586464810309,3.7037037037037033
2023-12-11,96.0,160.0,233.0,10998,304.0,11158.0,11158.0,-71.0,0.5496981166080994,1.4339487363326762,2.7245025990320846
2023-12-12,141.0,173.0,129.0,11077,259.0,11250.0,11250.0,-130.0,0.8245205233912811,1.537777777777778,2.3022222222222224
2023-12-13,116.0,181.0,182.0,11192,335.0,11373.0,11373.0,-153.0,1.093333333333324,1.5914886133825727,2.94557284797327
2023-12-14,150.0,157.0,201.0,11242,396.0,11399.0,11399.0,-195.0,0.2286116240218128,1.3773137994560927,3.4739889463988067
2023-12-17,80.0,176.0,125.0,11092,456.0,11268.0,11268.0,-331.0,1.149223616106676,1.5619453319133831,4.046858359957402
2023-12-18,116.0,188.0,164.0,11149,364.0,11337.0,11337.0,-200.0,0.6123535676251235,1.6582870247860986,3.2107259416071274
2023-12-19,105.0,185.0,158.0,11291,272.0,11476.0,11476.0,-114.0,1.2260739172620605,1.6120599512025096,2.3701638201463924
2023-12-20,136.0,246.0,123.0,11516,390.0,11762.0,11762.0,-267.0,2.492157546183349,2.091481040639347,3.3157626254038433
2023-12-21,128.0,228.0,177.0,11375,497.0,11603.0,11603.0,-320.0,1.3518109165107983,1.96500904938378,4.283374989226925
2023-12-25,90.0,196.0,205.0,11144,347.0,11340.0,11340.0,-142.0,2.266655175385679,1.728395061728395,3.059964726631393
2023-12-26,56.0,82.0,68.0,11217,288.0,11299.0,11299.0,-220.0,0.36155202821869237,0.7257279405257102,2.5488981325781044
2023-12-27,74.0,103.0,80.0,11206,335.0,11309.0,11309.0,-255.0,0.08850340738117968,0.9107790255548679,2.9622424617561234
2023-12-28,68.0,107.0,102.0,11230,357.0,11337.0,11337.0,-255.0,0.2475904147139385,0.9438122960218752,3.1489812119608365
2024-01-01,92.0,124.0,93.0,10870,290.0,10994.0,10994.0,-197.0,3.0254917526682523,1.1278879388757503,2.6378024376932876
2024-01-02,113.0,162.0,107.0,10770,316.0,10932.0,10932.0,-209.0,0.5639439694378745,1.481888035126235,2.890596414196853
2024-01-03,106.0,196.0,131.0,10718,263.0,10914.0,10914.0,-132.0,0.16465422612513825,1.7958585303280192,2.409748946307495
2024-01-04,86.0,152.0,168.0,10558,362.0,10710.0,10710.0,-194.0,1.869158878504673,1.419234360410831,3.380018674136321
2024-01-07,84.0,118.0,136.0,9670,367.0,9788.0,9788.0,-231.0,8.608776844070965,1.2055578259092767,3.74948917041275
2024-01-08,59.0,64.0,117.0,9670,367.0,9734.0,9734.0,-250.0,0.5516959542296695,0.6574892130675981,3.7702897061845078
2024-01-09,62.0,97.0,52.0,9311,286.0,9408.0,9408.0,-234.0,3.3490856790630796,1.0310374149659862,3.0399659863945576
2024-01-10,91.0,75.0,97.0,9144,349.0,9219.0,9219.0,-252.0,2.00892857142857,0.8135372600065083,3.7856600498969524
2024-01-11,29.0,51.0,11.0,8829,476.0,8880.0,8880.0,-465.0,3.6771884152294154,0.5743243243243243,5.36036036036036
2024-01-15,33.0,53.0,34.0,8033,234.0,8086.0,8086.0,-200.0,8.941441441441444,0.6554538708879545,2.8938906752411575
2024-01-16,32.0,49.0,39.0,8133,188.0,8182.0,8182.0,-149.0,1.187237200098945,0.5988755805426546,2.2977267171840623
2024-01-17,80.0,176.0,125.0,8072,353.0,8248.0,8248.0,-228.0,0.8066487411390932,2.133850630455868,4.279825412221144
2024-01-18,116.0,188.0,164.0,8042,359.0,8230.0,8230.0,-195.0,0.21823472356935492,2.284325637910085,4.362089914945322
2024-01-21,105.0,185.0,158.0,7974,371.0,8159.0,8159.0,-213.0,0.8626974483596617,2.267434734648854,4.547125873268783
2024-01-22,136.0,246.0,123.0,8008,222.0,8254.0,8254.0,-99.0,1.164358377252106,2.9803731524109525,2.6896050399806155
2024-01-23,128.0,228.0,177.0,8133,202.0,8361.0,8361.0,-25.0,1.296341167918591,2.726946537495515,2.415978949886377
2024-01-24,90.0,196.0,205.0,8212,243.0,8408.0,8408.0,-38.0,0.5621337160626627,2.331113225499524,2.890104662226451
2024-01-25,102.0,189.0,155.0,8180,293.0,8369.0,8369.0,-138.0,0.4638439581351128,2.2583343290715736,3.5010156530051377
2024-01-28,120.0,257.0,126.0,8004,307.0,8261.0,8261.0,-181.0,1.2904767594694722,3.1110035104708875,3.716257111729815
2024-01-29,137.0,272.0,166.0,8057,195.0,8329.0,8329.0,-29.0,0.8231448977121358,3.2656981630447834,2.3412174330651943
2024-01-30,93.0,198.0,208.0,8182,187.0,8380.0,8380.0,21.0,0.6123184055708997,2.3627684964200477,2.2315035799522676
2024-01-31,203.0,477.0,258.0,8153,266.0,8630.0,8630.0,-8.0,2.9832935560859086,5.527230590961761,3.082271147161066
2024-02-01,222.0,459.0,289.0,8026,337.0,8485.0,8485.0,-48.0,1.6801853997682525,5.409546258102534,3.971714790807307
2024-02-04,253.0,531.0,248.0,7813,342.0,8344.0,8344.0,-94.0,1.6617560400707165,6.363854266538831,4.09875359539789
2024-02-05,157.0,466.0,345.0,7872,242.0,8338.0,8338.0,103.0,0.07190795781399917,5.588870232669705,2.9023746701846966
2024-02-06,291.0,455.0,323.0,8045,178.0,8500.0,8500.0,145.0,1.9429119692971897,5.352941176470588,2.094117647058823
2024-02-07,227.0,453.0,330.0,8160,222.0,8613.0,8613.0,108.0,1.32941176470589,5.259491466388018,2.577499129223267
2024-02-08,298.0,499.0,358.0,8188,315.0,8687.0,8687.0,43.0,0.8591663764077495,5.744215494416944,3.62610797743755
2024-02-11,205.0,515.0,226.0,8056,347.0,8571.0,8571.0,-121.0,1.3353286520087493,6.008633765021584,4.048535760121339
2024-02-12,213.0,430.0,440.0,8092,234.0,8522.0,8522.0,206.0,0.5716952514292384,5.045763905186576,2.7458343111945553
2024-02-13,227.0,369.0,349.0,8348,160.0,8717.0,8717.0,189.0,2.2881952593287957,4.23310772054606,1.8354938625673969
2024-02-14,185.0,322.0,272.0,8512,230.0,8834.0,8834.0,42.0,1.3422048870024073,3.6450079239302693,2.6035770885216207
2024-02-15,333.0,508.0,272.0,8463,312.0,8971.0,8971.0,-40.0,1.5508263527280963,5.662690892877048,3.477873146806376
2024-02-19,249.0,420.0,371.0,8380,218.0,8800.0,8800.0,153.0,1.9061420131535,4.772727272727273,2.477272727272727
2024-02-20,149.0,395.0,273.0,8488,192.0,8883.0,8883.0,81.0,0.9431818181818263,4.446695936057639,2.1614319486659914
2024-02-21,232.0,430.0,318.0,8573,231.0,9003.0,9003.0,87.0,1.3508949679162496,4.776185715872487,2.5658113962012665
2024-02-22,165.0,400.0,292.0,8607,293.0,9007.0,9007.0,-1.0,0.04442963456625648,4.4409903408460085,3.2530254246697012
2024-02-25,244.0,482.0,366.0,8404,329.0,8886.0,8886.0,37.0,1.3433995781059194,5.424262885437767,3.7024532973216298
2024-02-26,199.0,438.0,326.0,8404,329.0,8842.0,8842.0,-3.0,0.4951609273013746,4.9536304003619085,3.720877629495589
2024-02-27,197.0,369.0,306.0,8650,206.0,9019.0,9019.0,100.0,2.0018095453517404,4.091362678789222,2.2840669697305684
2024-02-28,209.0,447.0,274.0,8699,257.0,9146.0,9146.0,17.0,1.4081383745426335,4.887382462278592,2.8099715722720315
2024-02-29,262.0,444.0,354.0,8724,299.0,9168.0,9168.0,55.0,0.2405423135797058,4.842931937172775,3.261343804537522
2024-03-03,236.0,468.0,347.0,8594,354.0,9062.0,9062.0,-7.0,1.1561954624781823,5.164422864709777,3.9064224233061133
2024-03-04,225.0,509.0,340.0,8660,229.0,9169.0,9169.0,111.0,1.1807548002648494,5.551314210928127,2.497546079179845
2024-03-05,246.0,472.0,345.0,8800,214.0,9272.0,9272.0,131.0,1.12335041989311,5.090595340811044,2.30802415875755
2024-03-06,230.0,457.0,277.0,8870,232.0,9327.0,9327.0,45.0,0.5931837791199213,4.8997534040956365,2.4874021657553342
2024-03-07,181.0,424.0,328.0,8902,305.0,9326.0,9326.0,23.0,0.010721561059290341,4.546429337336479,3.2704267638859106
2024-03-10,190.0,368.0,326.0,8714,373.0,9082.0,9082.0,-47.0,2.6163414111087246,4.051970931512883,4.107024884386699
2024-03-11,178.0,336.0,290.0,8757,253.0,9093.0,9093.0,37.0,0.12111869632238648,3.695150115473441,2.782360057186847
2024-03-12,154.0,294.0,290.0,8843,213.0,9137.0,9137.0,77.0,0.4838887055977015,3.217686330305352,2.3311809127722447
2024-03-13,165.0,358.0,167.0,8819,239.0,9177.0,9177.0,-72.0,0.43778045310276514,3.901056990301842,2.604336929279721
2024-03-14,166.0,301.0,252.0,8695,310.0,8996.0,8996.0,-58.0,1.9723221096218824,3.345931525122277,3.4459759893285904
2024-03-17,127.0,260.0,259.0,8373,342.0,8633.0,8633.0,-83.0,4.035126722987991,3.011699293409012,3.9615429167149308
2024-03-18,123.0,243.0,188.0,8333,283.0,8576.0,8576.0,-95.0,0.6602571527858259,2.8334888059701493,3.299906716417911
2024-03-19,99.0,202.0,256.0,8390,197.0,8592.0,8592.0,59.0,0.1865671641791078,2.351024208566108,2.2928305400372437
2024-03-20,91.0,181.0,174.0,8365,227.0,8546.0,8546.0,-53.0,0.5353817504655467,2.1179499180903347,2.656213433185116
2024-03-21,132.0,261.0,141.0,8292,235.0,8553.0,8553.0,-94.0,0.08190966534051825,3.051560855840056,2.747573950660587
2024-03-24,124.0,264.0,221.0,7899,373.0,8163.0,8163.0,-152.0,4.559803577692034,3.2341051084160237,4.569398505451428
2024-03-25,128.0,242.0,224.0,7899,229.0,8141.0,8141.0,-5.0,0.26950875903466454,2.972607787741064,2.812922245424395
2024-03-26,187.0,276.0,200.0,7919,208.0,8195.0,8195.0,-8.0,0.6633091757769272,3.36790726052471,2.5381330079316657
2024-03-27,129.0,287.0,185.0,7893,215.0,8180.0,8180.0,-30.0,0.18303843807199183,3.508557457212714,2.628361858190709
2024-03-28,161.0,288.0,248.0,7762,360.0,8050.0,8050.0,-112.0,1.58924205378973,3.5776397515527947,4.472049689440994
2024-03-31,105.0,254.0,151.0,7257,287.0,7511.0,7511.0,-136.0,6.695652173913047,3.381706829982692,3.8210624417520966
2024-04-01,109.0,235.0,171.0,7271,172.0,7506.0,7506.0,-1.0,0.06656903208627218,3.130828670397016,2.291500133226752
2024-04-02,101.0,230.0,175.0,7340,132.0,7570.0,7570.0,43.0,0.8526512123634422,3.038309114927345,1.7437252311756937
2024-04-03,124.0,230.0,190.0,7346,163.0,7576.0,7576.0,27.0,0.07926023778070945,3.0359028511087645,2.151531151003168
2024-04-04,95.0,226.0,152.0,7317,225.0,7543.0,7543.0,-73.0,0.4355860612460405,2.9961553758451545,2.9828980511732732
2024-04-07,106.0,239.0,233.0,6982,279.0,7221.0,7221.0,-46.0,4.268858544345755,3.3097908876886857,3.8637307852098046
2024-04-08,102.0,230.0,167.0,6988,199.0,7218.0,7218.0,-32.0,0.041545492314087884,3.1864782488223886,2.7569963978941536
2024-04-09,118.0,231.0,217.0,7043,130.0,7274.0,7274.0,87.0,0.775838182321964,3.1756942535056365,1.7871872422326092
2024-04-10,117.0,244.0,142.0,6999,227.0,7243.0,7243.0,-85.0,0.42617541930162206,3.368769846748585,3.134060472180036
2024-04-11,183.0,221.0,220.0,6912,285.0,7133.0,7133.0,-65.0,1.518707717796497,3.0982756203560915,3.995513809056498
2024-04-14,128.0,245.0,243.0,6630,290.0,6875.0,6875.0,-47.0,3.6169914481985144,3.563636363636364,4.218181818181818
2024-04-15,144.0,303.0,176.0,6681,191.0,6984.0,6984.0,-15.0,1.5854545454545566,4.338487972508591,2.7348224513172967
2024-04-16,219.0,392.0,205.0,6685,163.0,7077.0,7077.0,42.0,1.3316151202749094,5.539070227497527,2.3032358343931043
2024-04-17,182.0,371.0,274.0,6725,227.0,7096.0,7096.0,47.0,0.2684753426593245,5.228297632468997,3.198985343855693
2024-04-18,144.0,322.0,258.0,6728,260.0,7050.0,7050.0,-2.0,0.6482525366403591,4.567375886524823,3.6879432624113475
2024-04-21,208.0,380.0,343.0,6745,240.0,7125.0,7125.0,103.0,1.0638297872340496,5.333333333333334,3.3684210526315788
2024-04-22,176.0,424.0,251.0,6799,214.0,7223.0,7223.0,37.0,1.3754385964912297,5.870137062162536,2.962757856846186
2024-04-23,252.0,427.0,307.0,6967,134.0,7394.0,7394.0,173.0,2.367437352900459,5.774952664322424,1.8122802272112524
2024-04-24,253.0,411.0,307.0,7128,154.0,7539.0,7539.0,153.0,1.9610494995942584,5.451651412654198,2.042711234911792
2024-04-25,145.0,357.0,333.0,7209,217.0,7566.0,7566.0,116.0,0.35813768404298063,4.71847739888977,2.8680941052075073
2024-04-28,158.0,349.0,365.0,7298,250.0,7647.0,7647.0,115.0,1.0705789056304482,4.563881260625082,3.26925591735321
2024-04-29,140.0,292.0,255.0,7373,187.0,7665.0,7665.0,68.0,0.23538642604943316,3.8095238095238098,2.4396607958251795
2024-04-30,220.0,443.0,194.0,7431,135.0,7874.0,7874.0,59.0,2.726679712981084,5.626111252222504,1.714503429006858
2024-05-01,197.0,437.0,295.0,7508,190.0,7945.0,7945.0,105.0,0.9017018034036095,5.500314663310258,2.391441157960982
2024-05-02,206.0,411.0,293.0,7577,194.0,7988.0,7988.0,99.0,0.5412208936437901,5.14521782674011,2.42864296444667
2024-05-05,150.0,315.0,228.0,7447,332.0,7762.0,7762.0,-104.0,2.829243865798703,4.058232414326205,4.277248131924762
2024-05-06,173.0,337.0,211.0,7449,205.0,7786.0,7786.0,6.0,0.30919866013914277,4.328281530952992,2.6329309016182894
2024-05-07,176.0,334.0,246.0,7566,163.0,7900.0,7900.0,83.0,1.4641664526072518,4.227848101265823,2.0632911392405062
2024-05-08,167.0,374.0,205.0,7583,202.0,7957.0,7957.0,3.0,0.7215189873417627,4.700263918562272,2.5386452180470025
2024-05-09,138.0,285.0,268.0,7570,244.0,7855.0,7855.0,24.0,1.2818901596078902,3.6282622533418207,3.106301718650541
2024-05-12,138.0,301.0,263.0,7464,245.0,7765.0,7765.0,18.0,1.145767027371103,3.8763683193818412,3.1551835157759176
2024-05-13,112.0,331.0,167.0,7499,157.0,7830.0,7830.0,10.0,0.8370895041854398,4.227330779054917,2.005108556832695
2024-05-14,246.0,419.0,218.0,7546,186.0,7965.0,7965.0,32.0,1.724137931034475,5.260514752040176,2.335216572504708
2024-05-15,115.0,285.0,341.0,7589,265.0,7874.0,7874.0,76.0,1.1424984306340202,3.619507239014478,3.365506731013462
2024-05-16,206.0,340.0,214.0,7565,234.0,7905.0,7905.0,-20.0,0.3937007874015741,4.301075268817205,2.9601518026565463
2024-05-19,143.0,295.0,278.0,7356,298.0,7651.0,7651.0,-20.0,3.2131562302340266,3.855705136583453,3.8949156972944716
2024-05-20,111.0,268.0,217.0,7368,192.0,7636.0,7636.0,25.0,0.19605280355509125,3.509690937663698,2.5144054478784703
2024-05-21,196.0,348.0,176.0,7404,145.0,7752.0,7752.0,31.0,1.5191199580932402,4.489164086687306,1.870485036119711
2024-05-22,168.0,349.0,272.0,7474,208.0,7823.0,7823.0,64.0,0.9158926728586092,4.461204141633644,2.658826537134092
2024-05-23,193.0,272.0,314.0,7494,227.0,7766.0,7766.0,87.0,0.7286207337338646,3.5024465619366474,2.922997682204481
2024-05-27,156.0,344.0,252.0,7365,167.0,7709.0,7709.0,85.0,0.7339685809940821,4.46231677260345,2.1662991308859776
2024-05-28,153.0,348.0,239.0,7418,151.0,7766.0,7766.0,88.0,0.7393955117395157,4.481071336595416,1.944372907545712
2024-05-29,182.0,462.0,158.0,7491,141.0,7953.0,7953.0,17.0,2.4079320113314484,5.809128630705394,1.7729158807996983
2024-05-30,167.0,406.0,339.0,7563,190.0,7969.0,7969.0,149.0,0.20118194392053645,5.094742125737231,2.3842389258376206
2024-06-02,159.0,330.0,322.0,7546,306.0,7876.0,7876.0,16.0,1.1670222110678918,4.189944134078212,3.8852209243270694
2024-06-03,109.0,244.0,257.0,7596,224.0,7840.0,7840.0,33.0,0.45708481462671813,3.1122448979591835,2.857142857142857
2024-06-04,260.0,356.0,176.0,7565,203.0,7921.0,7921.0,-27.0,1.033163265306114,4.49438202247191,2.562807726297185
2024-06-05,173.0,345.0,291.0,7691,198.0,8036.0,8036.0,93.0,1.4518368892816547,4.293180686908911,2.463912394225983
2024-06-06,179.0,326.0,282.0,7741,238.0,8067.0,8067.0,44.0,0.3857640617222602,4.041155324160159,2.9502913102764348
2024-06-09,116.0,289.0,166.0,7451,312.0,7740.0,7740.0,-146.0,4.0535515061361105,3.7338501291989665,4.0310077519379846
2024-06-10,184.0,334.0,229.0,7439,212.0,7773.0,7773.0,17.0,0.426356589147292,4.296925254084652,2.727389682233372
2024-06-11,186.0,352.0,224.0,7493,156.0,7845.0,7845.0,68.0,0.9262832883056626,4.486934353091141,1.9885277246653918
2024-06-12,152.0,266.0,274.0,7548,212.0,7814.0,7814.0,62.0,0.39515615041427754,3.4041464038904534,2.7130790888149474
2024-06-13,167.0,293.0,230.0,7544,259.0,7837.0,7837.0,-29.0,0.2943434860506855,3.7386755135893837,3.304836034196759
2024-06-16,204.0,315.0,233.0,7307,294.0,7622.0,7622.0,-61.0,2.7433967079239507,4.132773550249278,3.857255313565993
2024-06-17,159.0,310.0,272.0,7318,224.0,7628.0,7628.0,48.0,0.07871949619522312,4.0639748295752485,2.9365495542737285
2024-06-18,160.0,297.0,253.0,7340,214.0,7637.0,7637.0,39.0,0.11798636601991763,3.8889616341495357,2.802147440094278
2024-06-19,204.0,321.0,246.0,7433,198.0,7754.0,7754.0,48.0,1.5320151892104228,4.139798813515605,2.5535207634769153
2024-06-20,145.0,247.0,243.0,7431,235.0,7678.0,7678.0,8.0,0.9801392829507316,3.2169835894764263,3.0606928887731177
2024-06-23,102.0,227.0,201.0,7247,294.0,7474.0,7474.0,-93.0,2.6569419119562343,3.037195611453037,3.9336366069039332
2024-06-24,116.0,175.0,172.0,7239,202.0,7414.0,7414.0,-30.0,0.8027829810008047,2.3603992446722417,2.724575128135959
2024-06-25,172.0,263.0,191.0,7239,202.0,7502.0,7502.0,-11.0,1.1869436201780381,3.505731804852039,2.692615302585977
2024-06-26,132.0,235.0,197.0,7268,187.0,7503.0,7503.0,10.0,0.013329778725679198,3.13208050113288,2.492336398773824
2024-06-27,174.0,208.0,256.0,7248,268.0,7456.0,7456.0,-12.0,0.6264161002265789,2.7896995708154506,3.594420600858369
2024-06-30,123.0,230.0,167.0,6874,273.0,7104.0,7104.0,-106.0,4.72103004291845,3.237612612612613,3.8429054054054057
2024-07-01,123.0,233.0,159.0,6825,229.0,7058.0,7058.0,-70.0,0.6475225225225256,3.301218475488807,3.2445451969396433
2024-07-02,141.0,232.0,188.0,6823,184.0,7055.0,7055.0,4.0,0.042504958911870894,3.2884479092841956,2.6080793763288446
2024-07-04,158.0,226.0,191.0,6790,225.0,7016.0,7016.0,-34.0,0.5527994330262187,3.221208665906499,3.2069555302166477
2024-07-07,96.0,160.0,233.0,6599,213.0,6759.0,6759.0,20.0,3.6630558722919093,2.3672140849238055,3.151353750554816
2024-07-08,141.0,173.0,129.0,6617,123.0,6790.0,6790.0,6.0,0.458647728953987,2.547864506627393,1.8114874815905746
2024-07-09,116.0,181.0,182.0,6651,130.0,6832.0,6832.0,52.0,0.6185567010309256,2.649297423887588,1.9028103044496487
2024-07-10,150.0,157.0,201.0,6649,177.0,6806.0,6806.0,24.0,0.38056206088993294,2.306788128122245,2.6006464883925946
2024-07-11,80.0,176.0,125.0,6640,197.0,6816.0,6816.0,-72.0,0.1469291801351691,2.5821596244131455,2.8902582159624415
2024-07-14,116.0,188.0,164.0,6308,237.0,6496.0,6496.0,-73.0,4.694835680751175,2.894088669950739,3.648399014778325
2024-07-15,105.0,185.0,158.0,6283,171.0,6468.0,6468.0,-13.0,0.4310344827586188,2.860235003092146,2.6437847866419295
2024-07-16,136.0,246.0,123.0,6239,173.0,6485.0,6485.0,-50.0,0.26283240568953925,3.7933693138010796,2.66769468003084
2024-07-17,128.0,228.0,177.0,6228,187.0,6456.0,6456.0,-10.0,0.44718581341557373,3.5315985130111525,2.8965303593556384
2024-07-21,90.0,196.0,205.0,6058,262.0,6254.0,6254.0,-57.0,3.1288723667905805,3.1339942436840422,4.189318835944995
2024-07-22,102.0,189.0,155.0,6002,234.0,6191.0,6191.0,-79.0,1.0073552926127327,3.0528186076562753,3.779680180907769
2024-07-23,120.0,257.0,126.0,5965,170.0,6222.0,6222.0,-44.0,0.500726861573253,4.130504660880746,2.73224043715847
2024-07-24,137.0,272.0,166.0,5927,177.0,6199.0,6199.0,-11.0,0.3696560591449738,4.38780448459429,2.8552992418131957
2024-07-25,93.0,198.0,208.0,5954,194.0,6152.0,6152.0,14.0,0.7581868043232798,3.218465539661899,3.153446033810143
2024-07-28,152.0,290.0,199.0,5743,207.0,6033.0,6033.0,-8.0,1.934330299089726,4.80689540858611,3.431128791645947
2024-07-29,114.0,210.0,219.0,5819,163.0,6029.0,6029.0,56.0,0.06630200563566557,3.483164703931,2.7035992701940623
2024-07-30,125.0,203.0,208.0,5930,92.0,6133.0,6133.0,116.0,1.724995853375355,3.3099624979618456,1.5000815261699005
2024-07-31,140.0,261.0,163.0,5963,154.0,6224.0,6224.0,9.0,1.4837762921897868,4.193444730077121,2.474293059125964
2024-08-01,227.0,298.0,212.0,6016,169.0,6314.0,6314.0,43.0,1.4460154241645151,4.71967057332911,2.6765917009819447
2024-08-04,63.0,167.0,143.0,5943,170.0,6110.0,6110.0,-27.0,3.230915426037373,2.7332242225859247,2.7823240589198037
2024-08-05,172.0,259.0,138.0,5950,150.0,6209.0,6209.0,-12.0,1.6202945990180018,4.1713641488162345,2.415847962634885
2024-08-06,163.0,283.0,200.0,5998,143.0,6281.0,6281.0,57.0,1.1596070220647459,4.505651966247413,2.276707530647986
2024-08-07,135.0,273.0,207.0,6038,174.0,6311.0,6311.0,33.0,0.4776309504855858,4.325780383457455,2.7570907938520044
2024-08-08,119.0,230.0,213.0,6084,174.0,6314.0,6314.0,39.0,0.04753604816987167,3.642698764649984,2.7557808045612924
2024-08-11,95.0,211.0,140.0,5894,249.0,6105.0,6105.0,-109.0,3.3101045296167197,3.4561834561834566,4.078624078624079
2024-08-12,109.0,219.0,155.0,5903,148.0,6122.0,6122.0,7.0,0.27846027846027965,3.5772623325710553,2.4175106174452794
2024-08-13,162.0,239.0,189.0,5981,123.0,6220.0,6220.0,66.0,1.6007840574975507,3.842443729903537,1.9774919614147912
2024-08-14,109.0,226.0,191.0,5987,178.0,6213.0,6213.0,13.0,0.11254019292604722,3.637534202478674,2.8649605665539997
2024-08-15,124.0,241.0,156.0,5895,220.0,6136.0,6136.0,-64.0,1.2393368742958266,3.9276401564537156,3.585397653194263
2024-08-18,86.0,244.0,235.0,5821,178.0,6065.0,6065.0,57.0,1.1571056062581464,4.023083264633141,2.9348722176422095
2024-08-19,176.0,254.0,162.0,5865,158.0,6119.0,6119.0,4.0,0.8903544929925733,4.1510050661872855,2.5821212616440596
2024-08-20,136.0,274.0,245.0,5995,112.0,6269.0,6269.0,133.0,2.45138094459878,4.37071303238156,1.7865688307545065
2024-08-21,134.0,245.0,167.0,6028,156.0,6273.0,6273.0,11.0,0.06380602966979954,3.9056272915670336,2.4868483978957436
2024-08-22,182.0,307.0,205.0,6054,171.0,6361.0,6361.0,34.0,1.4028375577873398,4.8262851752869045,2.6882565634334226
2024-08-27,149.0,285.0,222.0,6152,97.0,6437.0,6437.0,125.0,1.1947806948592987,4.427528351716639,1.5069131583035575
2024-08-28,170.0,285.0,178.0,6227,134.0,6512.0,6512.0,44.0,1.1651390399254336,4.3765356265356266,2.057739557739558
2024-08-29,145.0,295.0,188.0,6250,169.0,6545.0,6545.0,19.0,0.5067567567567544,4.507257448433919,2.5821237585943466
2024-09-02,133.0,270.0,198.0,6192,129.0,6462.0,6462.0,69.0,1.268143621084794,4.178272980501393,1.9962859795728878
2024-09-03,131.0,263.0,177.0,6272,112.0,6535.0,6535.0,65.0,1.1296812132466805,4.024483550114766,1.713848508033665
2024-09-04,121.0,231.0,219.0,6375,114.0,6606.0,6606.0,105.0,1.0864575363427775,3.496821071752952,1.725703905540418
2024-09-05,126.0,230.0,175.0,6448,121.0,6678.0,6678.0,54.0,1.089918256130784,3.4441449535789155,1.8119197364480384
2024-09-08,123.0,255.0,164.0,6312,221.0,6567.0,6567.0,-57.0,1.6621743036837389,3.883051621745089,3.3653114055124105
2024-09-09,144.0,275.0,190.0,6353,141.0,6628.0,6628.0,49.0,0.928886858535094,4.149064574532288,2.127338563669282
2024-09-10,131.0,251.0,180.0,6396,148.0,6647.0,6647.0,32.0,0.28666264333132574,3.776139611854972,2.226568376711298
2024-09-11,93.0,248.0,175.0,6410,162.0,6658.0,6658.0,13.0,0.16548819016097838,3.7248422949834783,2.4331631120456594
2024-09-12,184.0,280.0,210.0,6360,220.0,6640.0,6640.0,-10.0,0.270351456893958,4.216867469879518,3.313253012048193
2024-09-13,81.0,200.0,212.0,6326,279.0,6526.0,6526.0,-67.0,1.7168674698795128,3.0646644192460926,4.2752068648482995
2024-09-15,98.0,220.0,167.0,6234,210.0,6454.0,6454.0,-43.0,1.1032791909285966,3.408738766656337,3.2537960954446854
2024-09-16,113.0,209.0,160.0,6229,164.0,6438.0,6438.0,-4.0,0.24790827393864623,3.2463497980739358,2.5473749611680647
2024-09-17,159.0,304.0,139.0,6227,160.0,6531.0,6531.0,-21.0,1.4445479962721386,4.65472362578472,2.449854539886694
2024-09-18,116.0,213.0,217.0,6245,149.0,6458.0,6458.0,68.0,1.1177461338233052,3.298234747599876,2.3072158563022604
2024-09-19,93.0,196.0,169.0,6270,188.0,6466.0,6466.0,-19.0,0.12387736141219463,3.0312403340550573,2.9075162387875038
2024-09-22,124.0,234.0,161.0,5989,197.0,6223.0,6223.0,-36.0,3.7581193937519353,3.760244255182388,3.16567571910654
2024-09-23,92.0,203.0,173.0,6002,165.0,6205.0,6205.0,8.0,0.28924955809095376,3.2715551974214345,2.6591458501208702
2024-09-24,186.0,259.0,172.0,6023,143.0,6282.0,6282.0,29.0,1.2409347300563978,4.122890799108564,2.276345113021331
2024-09-25,154.0,225.0,220.0,6050,169.0,6275.0,6275.0,51.0,0.11142948105699046,3.5856573705179287,2.6932270916334664
2024-09-26,91.0,199.0,172.0,6090,185.0,6289.0,6289.0,-13.0,0.223107569721126,3.164255048497376,2.9416441405628877
2024-09-29,81.0,213.0,153.0,5925,177.0,6138.0,6138.0,-24.0,2.401017649864845,3.470185728250244,2.8836754643206253
2024-09-30,209.0,285.0,184.0,5967,138.0,6252.0,6252.0,46.0,1.8572825024437911,4.558541266794626,2.2072936660268714
2024-10-01,184.0,314.0,217.0,6040,137.0,6354.0,6354.0,80.0,1.6314779270633295,4.941768964431854,2.156122127793516
2024-10-02,107.0,215.0,230.0,6091,173.0,6306.0,6306.0,57.0,0.7554296506137814,3.409451316206787,2.743418966064066
2024-10-03,101.0,162.0,178.0,6118,193.0,6280.0,6280.0,-15.0,0.4123057405645447,2.5796178343949046,3.073248407643312
2024-10-07,99.0,190.0,176.0,5968,153.0,6158.0,6158.0,23.0,1.942675159235674,3.085417343293277,2.4845729132835337
2024-10-08,167.0,239.0,166.0,6013,123.0,6252.0,6252.0,43.0,1.5264696329977179,3.822776711452335,1.9673704414587334
2024-10-09,115.0,216.0,169.0,6047,137.0,6263.0,6263.0,32.0,0.175943698016634,3.4488264410027143,2.187450103784129
2024-10-10,84.0,158.0,193.0,6075,159.0,6233.0,6233.0,34.0,0.4790036723614888,2.534894914166533,2.55093855286379
2024-10-13,130.0,227.0,192.0,5889,210.0,6116.0,6116.0,-18.0,1.8771057275790204,3.711576193590582,3.433616742969261
2024-10-14,88.0,214.0,160.0,5935,106.0,6149.0,6149.0,54.0,0.5395683453237377,3.4802406895430154,1.7238575378110261
2024-10-15,113.0,208.0,159.0,6013,107.0,6221.0,6221.0,52.0,1.170922101154659,3.3435139045169584,1.7199807104967046
2024-10-16,174.0,285.0,150.0,6036,129.0,6321.0,6321.0,21.0,1.6074586079408482,4.508780256288562,2.0408163265306123
2024-10-17,104.0,230.0,206.0,6076,160.0,6306.0,6306.0,46.0,0.23730422401518902,3.6473200126863303,2.537266095781795
2024-10-20,147.0,276.0,214.0,5918,195.0,6194.0,6194.0,19.0,1.776086267047261,4.455925088795609,3.14820794317081
2024-10-21,108.0,220.0,213.0,5966,154.0,6186.0,6186.0,59.0,0.12915724895059544,3.556417717426447,2.489492402198513
2024-10-22,180.0,280.0,146.0,6043,109.0,6323.0,6323.0,37.0,2.2146783058519137,4.428277716273921,1.7238652538352046
2024-10-23,134.0,294.0,186.0,6077,138.0,6371.0,6371.0,48.0,0.7591333227898067,4.614660178935803,2.166064981949458
2024-10-27,202.0,313.0,158.0,5974,192.0,6287.0,6287.0,-34.0,1.318474336838804,4.978527119452839,3.0539207889295374
2024-10-28,110.0,272.0,193.0,6008,156.0,6280.0,6280.0,37.0,0.11134086209638738,4.3312101910828025,2.4840764331210194
2024-10-29,166.0,277.0,229.0,6106,126.0,6383.0,6383.0,103.0,1.6401273885350287,4.339652201159329,1.9739934200219331
2024-10-30,136.0,276.0,178.0,6149,160.0,6425.0,6425.0,18.0,0.6579978066739711,4.2957198443579765,2.490272373540856
2024-10-31,87.0,246.0,173.0,6148,177.0,6394.0,6394.0,-4.0,0.4824902723735369,3.847356897091023,2.768220206443541
2024-11-03,84.0,171.0,157.0,5990,184.0,6161.0,6161.0,-27.0,3.6440412887081663,2.775523453984743,2.9865281610128225
2024-11-04,167.0,209.0,157.0,6007,132.0,6216.0,6216.0,25.0,0.8927122220418804,3.362290862290862,2.1235521235521233
2024-11-05,109.0,245.0,159.0,6045,126.0,6290.0,6290.0,33.0,1.1904761904761862,3.8950715421303657,2.003179650238474
2024-11-06,156.0,256.0,176.0,6086,137.0,6342.0,6342.0,39.0,0.8267090620031725,4.036581520025228,2.1602018290760014
2024-11-07,125.0,232.0,192.0,6084,177.0,6316.0,6316.0,15.0,0.40996531062755803,3.6732108929702343,2.8024065864471184
2024-11-11,118.0,139.0,168.0,5963,145.0,6102.0,6102.0,23.0,3.3882203926535737,2.277941658472632,2.37627007538512
2024-11-12,142.0,235.0,139.0,5975,138.0,6210.0,6210.0,1.0,1.7699115044247815,3.784219001610306,2.2222222222222223
2024-11-13,148.0,245.0,175.0,5966,151.0,6211.0,6211.0,24.0,0.016103059581329404,3.944614393817421,2.4311705039446143
2024-11-14,119.0,219.0,210.0,6025,172.0,6244.0,6244.0,38.0,0.5313154081468374,3.507367072389494,2.754644458680333
2024-11-17,105.0,210.0,149.0,5816,195.0,6026.0,6026.0,-46.0,3.49135169762973,3.484898771988052,3.2359774311317624
2024-11-18,143.0,203.0,163.0,5819,138.0,6022.0,6022.0,25.0,0.06637902422834685,3.370973098638326,2.2915974759216207
2024-11-19,119.0,209.0,152.0,5844,146.0,6053.0,6053.0,6.0,0.5147791431418192,3.4528333057987775,2.4120270940029735
2024-11-20,155.0,212.0,181.0,5879,148.0,6091.0,6091.0,33.0,0.6277878737815934,3.480545066491545,2.4298144803808897
2024-11-21,109.0,214.0,173.0,5850,210.0,6064.0,6064.0,-37.0,0.44327696601543787,3.5290237467018466,3.4630606860158313
2024-11-24,191.0,283.0,192.0,5664,207.0,5947.0,5947.0,-15.0,1.9294195250659674,4.758701866487304,3.4807465949218095
2024-11-25,170.0,297.0,196.0,5715,129.0,6012.0,6012.0,67.0,1.0929880612073228,4.940119760479042,2.1457085828343314
2024-11-26,152.0,272.0,214.0,5826,112.0,6098.0,6098.0,102.0,1.4304723885562254,4.460478845523122,1.8366677599212857
2024-11-27,239.0,367.0,224.0,5862,211.0,6229.0,6229.0,13.0,2.1482453263365064,5.891796436025045,3.387381602183336
2024-11-28,113.0,280.0,237.0,5963,143.0,6243.0,6243.0,94.0,0.224755177396041,4.485023226013134,2.2905654332852796
2024-12-01,196.0,306.0,187.0,5986,149.0,6292.0,6292.0,38.0,0.7848790645522907,4.863318499682136,2.36808645899555
2024-12-02,236.0,330.0,222.0,6061,115.0,6391.0,6391.0,107.0,1.573426573426584,5.163511187607573,1.7994054138632452
2024-12-03,81.0,230.0,242.0,6192,107.0,6422.0,6422.0,135.0,0.48505711156312525,3.581438804110869,1.6661476175646217
2024-12-04,118.0,245.0,160.0,6269,115.0,6514.0,6514.0,45.0,1.4325755216443525,3.761129874117286,1.7654283082591342
2024-12-05,218.0,283.0,208.0,6310,150.0,6593.0,6593.0,58.0,1.2127724900214965,4.29243136660094,2.2751403003185193
2024-12-08,132.0,243.0,183.0,6286,172.0,6529.0,6529.0,11.0,0.9707265281359012,3.7218563332822794,2.6344003675907492
2024-12-09,224.0,315.0,152.0,6268,174.0,6583.0,6583.0,-22.0,0.8270791851738402,4.785052407716846,2.643171806167401
2024-12-10,167.0,326.0,213.0,6310,149.0,6636.0,6636.0,64.0,0.8051040559015732,4.912597950572635,2.2453285111512957
2024-12-11,209.0,353.0,232.0,6402,152.0,6755.0,6755.0,80.0,1.793248945147674,5.225758697261288,2.250185048112509
2024-12-12,153.0,253.0,286.0,6481,194.0,6734.0,6734.0,92.0,0.31088082901554737,3.757053757053757,2.880902880902881
2024-12-15,180.0,337.0,219.0,6408,224.0,6745.0,6745.0,-5.0,0.16335016335016217,4.996293550778354,3.3209785025945147
2024-12-16,133.0,287.0,189.0,6454,149.0,6741.0,6741.0,40.0,0.05930318754633346,4.257528556593977,2.2103545468031447
2024-12-17,187.0,310.0,247.0,6506,151.0,6816.0,6816.0,96.0,1.1125945705384943,4.548122065727699,2.21537558685446
2024-12-18,168.0,285.0,210.0,6598,134.0,6883.0,6883.0,76.0,0.9829812206572752,4.140636350428592,1.946825512131338
2024-12-19,269.0,412.0,204.0,6600,238.0,7012.0,7012.0,-34.0,1.8741827691413526,5.875641756988021,3.3941814033086137
2024-12-22,100.0,255.0,236.0,6595,268.0,6850.0,6850.0,-32.0,2.310325156873927,3.722627737226277,3.9124087591240877
2024-12-23,205.0,294.0,177.0,6548,231.0,6842.0,6842.0,-54.0,0.11678832116788218,4.296989184448992,3.376205787781351
2024-12-24,161.0,304.0,211.0,6622,155.0,6926.0,6926.0,56.0,1.2277111955568465,4.389257868899798,2.2379439792087785
2024-12-25,57.0,162.0,193.0,6689,107.0,6851.0,6851.0,86.0,1.082876118971987,2.3646183038972413,1.5618157933148447
2024-12-26,80.0,122.0,152.0,6707,135.0,6829.0,6829.0,17.0,0.3211210042329604,1.7864987553082443,1.9768633767755162
2024-12-29,107.0,170.0,133.0,6465,216.0,6635.0,6635.0,-83.0,2.8408258895885163,2.562170308967596,3.2554634513941223
2024-12-30,99.0,156.0,139.0,6454,177.0,6610.0,6610.0,-38.0,0.37678975131876236,2.3600605143721634,2.6777609682299546
2025-01-01,25.0,66.0,94.0,6405,144.0,6471.0,6471.0,-50.0,2.1028744326777593,1.0199350950394066,2.2253129346314324
2025-01-02,35.0,70.0,53.0,6292,170.0,6362.0,6362.0,-117.0,1.6844382630196275,1.100282929896259,2.672115686890915
2025-01-05,43.0,73.0,64.0,5882,185.0,5955.0,5955.0,-121.0,6.397359320968254,1.2258606213266163,3.1066330814441647
2025-01-06,41.0,60.0,71.0,5769,190.0,5829.0,5829.0,-119.0,2.1158690176322437,1.029336078229542,3.259564247726883
2025-01-07,65.0,83.0,65.0,5703,133.0,5786.0,5786.0,-68.0,0.7376908560645101,1.4344970618734878,2.2986519184237815
2025-01-08,38.0,80.0,82.0,5605,184.0,5685.0,5685.0,-102.0,1.7455928102315887,1.4072119613016711,3.236587510993844
2025-01-09,56.0,82.0,68.0,5507,164.0,5589.0,5589.0,-96.0,1.6886543535620024,1.46716765074253,2.93433530148506
2025-01-12,74.0,103.0,80.0,5092,235.0,5195.0,5195.0,-155.0,7.049561638933621,1.9826756496631375,4.523580365736285
2025-01-13,68.0,107.0,102.0,5019,181.0,5126.0,5126.0,-79.0,1.3282001924927789,2.087397580959813,3.531018337885291
2025-01-14,92.0,124.0,93.0,4957,139.0,5081.0,5081.0,-46.0,0.877877487319545,2.4404644754969493,2.7356819523715803
2025-01-15,113.0,162.0,107.0,4903,164.0,5065.0,5065.0,-57.0,0.3148986419996058,3.1984205330700886,3.237907206317868
2025-01-16,106.0,196.0,131.0,4881,159.0,5077.0,5077.0,-28.0,0.23692003948667661,3.8605475674610994,3.131770730746504
2025-01-19,86.0,152.0,168.0,4628,176.0,4780.0,4780.0,-8.0,5.849911364979321,3.1799163179916317,3.682008368200837
2025-01-20,84.0,118.0,136.0,4638,127.0,4756.0,4756.0,9.0,0.5020920502092019,2.48107653490328,2.6703111858704793
2025-01-21,59.0,64.0,117.0,4728,54.0,4792.0,4792.0,63.0,0.7569386038688064,1.335559265442404,1.1268781302170283
2025-01-22,62.0,97.0,52.0,4717,83.0,4814.0,4814.0,-31.0,0.45909849749583564,2.0149563772330703,1.7241379310344827
2025-01-23,91.0,75.0,97.0,4621,174.0,4696.0,4696.0,-77.0,2.451184046530952,1.5971039182282794,3.705281090289608
2025-01-26,29.0,51.0,11.0,4241,182.0,4292.0,4292.0,-171.0,8.603066439523,1.1882572227399812,4.240447343895619
2025-01-27,33.0,53.0,34.0,4161,127.0,4214.0,4214.0,-93.0,1.817334575955265,1.2577123872804936,3.013763644992881
2025-01-28,32.0,49.0,39.0,4096,101.0,4145.0,4145.0,-62.0,1.6373991457047987,1.1821471652593487,2.436670687575392
2025-01-29,32.0,50.0,39.0,4036,99.0,4086.0,4086.0,-60.0,1.423401688781667,1.2236906510034264,2.4229074889867843
2025-01-30,47.0,42.0,47.0,3923,159.0,3965.0,3965.0,-112.0,2.961331375428289,1.0592686002522067,4.010088272383355
2025-02-02,20.0,22.0,41.0,3483,168.0,3505.0,3505.0,-127.0,11.601513240857509,0.6276747503566333,4.793152639087019
2025-02-03,23.0,45.0,11.0,3403,102.0,3448.0,3448.0,-91.0,1.6262482168330927,1.3051044083526682,2.9582366589327145
2025-02-04,34.0,54.0,29.0,3359,74.0,3413.0,3413.0,-45.0,1.0150812064965153,1.5821857603281568,2.1681804863756224
2025-02-05,26.0,36.0,36.0,3290,104.0,3326.0,3326.0,-68.0,2.5490770583064704,1.0823812387251954,3.126879134095009
2025-02-06,25.0,32.0,27.0,3181,145.0,3213.0,3213.0,-118.0,3.397474443776305,0.9959539371304078,4.5129162776221605
2025-02-09,15.0,13.0,23.0,2878,99.0,2891.0,2891.0,-76.0,10.02178649237473,0.4496713939813214,3.4244206157039088
2025-02-10,16.0,18.0,15.0,2834,63.0,2852.0,2852.0,-48.0,1.3490141819439638,0.6311360448807855,2.208976157082749
2025-02-11,11.0,22.0,12.0,2799,50.0,2821.0,2821.0,-38.0,1.0869565217391353,0.7798652959943283,1.7724211272598371
2025-02-12,16.0,20.0,20.0,2752,66.0,2772.0,2772.0,-46.0,1.7369727047146455,0.7215007215007215,2.380952380952381
2025-02-13,15.0,10.0,23.0,2703,72.0,2713.0,2713.0,-49.0,2.128427128427124,0.36859565057132326,2.6538886841135274
2025-02-17,8.0,17.0,14.0,2532,15.0,2549.0,2549.0,-1.0,6.044968669369699,0.6669282071400549,0.5884660651235779
2025-02-18,18.0,19.0,11.0,2536,9.0,2555.0,2555.0,2.0,0.23538642604943316,0.7436399217221135,0.35225048923679064
2025-02-19,12.0,17.0,17.0,2528,19.0,2545.0,2545.0,-2.0,0.3913894324853229,0.6679764243614932,0.7465618860510805
2025-02-20,13.0,25.0,15.0,2520,32.0,2545.0,2545.0,-17.0,0.0,0.9823182711198428,1.2573673870333988
2025-02-23,7.0,16.0,8.0,2423,35.0,2439.0,2439.0,-27.0,4.165029469548132,0.6560065600656007,1.4350143501435015
2025-02-24,20.0,22.0,14.0,2413,24.0,2435.0,2435.0,-10.0,0.16400164001639794,0.9034907597535934,0.9856262833675565
2025-02-25,11.0,7.0,7.0,2413,23.0,2420.0,2420.0,-16.0,0.6160164271047264,0.2892561983471074,0.9504132231404958
2025-02-26,12.0,21.0,1.0,2411,23.0,2432.0,2432.0,-22.0,0.49586776859504855,0.8634868421052633,0.9457236842105263
2025-02-27,10.0,15.0,17.0,2391,37.0,2406.0,2406.0,-20.0,1.0690789473684181,0.6234413965087282,1.5378221113881962
2025-03-02,12.0,24.0,4.0,2297,31.0,2321.0,2321.0,-27.0,3.5328345802161265,1.034037052994399,1.3356311934510987
2025-03-03,8.0,29.0,18.0,2287,25.0,2316.0,2316.0,-7.0,0.21542438604049696,1.2521588946459412,1.079447322970639
2025-03-04,4.0,25.0,10.0,2272,30.0,2297.0,2297.0,-20.0,0.8203799654576849,1.0883761427949499,1.30605137135394
2025-03-05,5.0,20.0,4.0,2238,40.0,2258.0,2258.0,-36.0,1.6978667827601268,0.8857395925597875,1.771479185119575
2025-03-06,7.0,27.0,6.0,2218,33.0,2245.0,2245.0,-27.0,0.5757307351638596,1.2026726057906458,1.469933184855234
2025-03-09,12.0,25.0,15.0,2137,30.0,2162.0,2162.0,-15.0,3.697104677060137,1.1563367252543941,1.3876040703052728
2025-03-10,6.0,28.0,8.0,2125,23.0,2153.0,2153.0,-15.0,0.4162812210915856,1.3005109150023224,1.0682768230376218
2025-03-11,3.0,11.0,7.0,2116,20.0,2127.0,2127.0,-13.0,1.207617278216444,0.5171603196991067,0.9402914903620121
2025-03-12,6.0,18.0,2.0,2113,8.0,2131.0,2131.0,-6.0,0.18805829807240215,0.8446738620366024,0.37541060534960113
2025-03-13,4.0,20.0,9.0,2116,6.0,2136.0,2136.0,3.0,0.2346316283434957,0.9363295880149813,0.2808988764044944
2025-03-16,1.0,9.0,8.0,2117,5.0,2126.0,2126.0,3.0,0.46816479400748623,0.4233301975540922,0.23518344308560676
2025-03-17,5.0,14.0,0.0,2111,8.0,2125.0,2125.0,-8.0,0.04703668861711918,0.6588235294117647,0.3764705882352941
2025-03-18,19.0,34.0,6.0,2109,8.0,2143.0,2143.0,-2.0,0.8470588235294008,1.5865608959402706,0.3733084461035931
2025-03-19,6.0,22.0,14.0,2119,9.0,2141.0,2141.0,5.0,0.09332711152589823,1.027557216254087,0.42036431574030825
2025-03-20,9.0,20.0,11.0,2124,7.0,2144.0,2144.0,4.0,0.14012143858010973,0.9328358208955223,0.3264925373134328
2025-03-23,15.0,29.0,9.0,2136,2.0,2165.0,2165.0,7.0,0.9794776119403048,1.3394919168591224,0.09237875288683603
2025-03-24,7.0,13.0,11.0,2139,7.0,2152.0,2152.0,4.0,0.6004618937644368,0.604089219330855,0.3252788104089219
2025-03-25,12.0,19.0,7.0,2145,6.0,2164.0,2164.0,1.0,0.5576208178438735,0.878003696857671,0.27726432532347506
2025-03-26,9.0,21.0,15.0,2159,2.0,2180.0,2180.0,13.0,0.7393715341959428,0.963302752293578,0.09174311926605505
2025-03-27,1.0,19.0,13.0,2159,2.0,2178.0,2178.0,11.0,0.09174311926605228,0.8723599632690543,0.09182736455463728
2025-03-30,9.0,20.0,5.0,2188,2.0,2208.0,2208.0,3.0,1.377410468319562,0.9057971014492754,0.09057971014492754
2025-03-31,9.0,25.0,8.0,2193,5.0,2218.0,2218.0,3.0,0.45289855072463414,1.127141568981064,0.2254283137962128
2025-04-01,17.0,36.0,7.0,2191,12.0,2227.0,2227.0,-5.0,0.4057709648331853,1.6165244723843737,0.5388414907947913
2025-04-02,5.0,31.0,16.0,2208,3.0,2239.0,2239.0,13.0,0.5388414907947947,1.3845466726217062,0.13398838767306834
2025-04-03,12.0,26.0,18.0,2223,8.0,2249.0,2249.0,10.0,0.44662795891021734,1.1560693641618496,0.35571365051133835
2025-04-06,7.0,14.0,7.0,2234,11.0,2248.0,2248.0,-4.0,0.04446420631392112,0.6227758007117438,0.4893238434163701
2025-04-07,12.0,22.0,9.0,2237,5.0,2259.0,2259.0,4.0,0.48932384341637825,0.9738822487826472,0.22133687472332889
2025-04-08,12.0,34.0,12.0,2243,9.0,2277.0,2277.0,3.0,0.7968127490039834,1.4931927975406236,0.3952569169960474
2025-04-09,6.0,19.0,10.0,2251,5.0,2270.0,2270.0,5.0,0.30742204655248573,0.8370044052863436,0.22026431718061676
2025-04-10,18.0,25.0,17.0,2265,6.0,2290.0,2290.0,11.0,0.8810572687224738,1.0917030567685588,0.26200873362445415
2025-04-11,8.0,22.0,8.0,2267,9.0,2289.0,2289.0,-1.0,0.04366812227074579,0.9611183923110528,0.39318479685452157
2025-04-13,5.0,26.0,10.0,2283,3.0,2309.0,2309.0,7.0,0.8737439930100566,1.126028583802512,0.12992637505413598
2025-04-14,5.0,26.0,9.0,2282,13.0,2308.0,2308.0,-4.0,0.04330879168471524,1.1265164644714039,0.5632582322357019
2025-04-15,4.0,19.0,12.0,2286,7.0,2305.0,2305.0,5.0,0.12998266897746857,0.824295010845987,0.3036876355748373
2025-04-16,11.0,30.0,5.0,2291,8.0,2321.0,2321.0,-3.0,0.694143167028205,1.2925463162429989,0.34467901766479964
2025-04-17,7.0,26.0,10.0,2288,14.0,2314.0,2314.0,-4.0,0.30159414045669575,1.1235955056179776,0.6050129645635264
2025-04-20,4.0,15.0,6.0,2305,4.0,2320.0,2320.0,2.0,0.2592912705272177,0.646551724137931,0.1724137931034483
2025-04-21,10.0,25.0,5.0,2308,6.0,2333.0,2333.0,-1.0,0.5603448275862011,1.0715816545220747,0.2571795970852979
2025-04-22,7.0,19.0,14.0,2305,17.0,2324.0,2324.0,-3.0,0.385769395627944,0.8175559380378659,0.7314974182444062
2025-04-23,3.0,23.0,4.0,2300,11.0,2323.0,2323.0,-7.0,0.0430292598967319,0.9900990099009901,0.4735256134309083
2025-04-24,3.0,9.0,7.0,2294,13.0,2303.0,2303.0,-6.0,0.860955660783469,0.39079461571862784,0.5644811115935736
2025-04-27,9.0,40.0,12.0,2301,4.0,2341.0,2341.0,8.0,1.6500217108119886,1.7086715079026058,0.17086715079026057
2025-04-28,6.0,26.0,12.0,2307,8.0,2333.0,2333.0,4.0,0.34173430158052076,1.1144449207029576,0.34290612944706383
2025-04-29,11.0,25.0,11.0,2304,15.0,2329.0,2329.0,-4.0,0.17145306472353683,1.07342206955775,0.6440532417346501
2025-04-30,7.0,34.0,9.0,2309,12.0,2343.0,2343.0,-3.0,0.6011163589523472,1.4511310285958174,0.5121638924455826
2025-05-01,13.0,32.0,14.0,2306,16.0,2338.0,2338.0,-2.0,0.21340162185232714,1.3686911890504705,0.6843455945252352
2025-05-04,9.0,31.0,10.0,2335,5.0,2366.0,2366.0,5.0,1.1976047904191711,1.3102282333051563,0.2113271344040575
2025-05-05,15.0,44.0,20.0,2331,17.0,2375.0,2375.0,3.0,0.3803888419273038,1.8526315789473686,0.7157894736842105
2025-05-06,10.0,33.0,16.0,2339,16.0,2372.0,2372.0,0.0,0.1263157894736855,1.391231028667791,0.6745362563237773
2025-05-07,10.0,30.0,15.0,2335,10.0,2365.0,2365.0,5.0,0.295109612141653,1.2684989429175475,0.42283298097251587
2025-05-08,15.0,24.0,16.0,2361,11.0,2385.0,2385.0,5.0,0.8456659619450413,1.0062893081761006,0.46121593291404617
2025-05-11,15.0,20.0,12.0,2385,3.0,2405.0,2405.0,9.0,0.8385744234800763,0.8316008316008316,0.12474012474012475
2025-05-12,7.0,33.0,14.0,2392,7.0,2425.0,2425.0,7.0,0.8316008316008316,1.3608247422680413,0.28865979381443296
2025-05-13,18.0,29.0,12.0,2394,11.0,2423.0,2423.0,1.0,0.08247422680411898,1.1968633924886503,0.4539826661163846
2025-05-14,7.0,30.0,14.0,2394,11.0,2424.0,2424.0,3.0,0.04127115146512761,1.2376237623762376,0.45379537953795385
2025-05-15,15.0,31.0,14.0,2410,14.0,2441.0,2441.0,0.0,0.7013201320132056,1.269971323228185,0.5735354362965998
2025-05-18,13.0,28.0,14.0,2437,9.0,2465.0,2465.0,5.0,0.9832036050798854,1.1359026369168357,0.36511156186612576
2025-05-19,7.0,27.0,17.0,2457,6.0,2484.0,2484.0,11.0,0.7707910750507141,1.0869565217391304,0.24154589371980675
2025-05-21,14.0,62.0,13.0,2467,18.0,2529.0,2529.0,-5.0,1.8115942028985588,2.4515618821668643,0.7117437722419928
2025-05-22,18.0,36.0,17.0,2473,15.0,2509.0,2509.0,2.0,0.7908264136022192,1.434834595456357,0.5978477481068154
2025-05-27,6.0,24.0,7.0,2504,11.0,2528.0,2528.0,-4.0,0.757273814268622,0.949367088607595,0.435126582278481
2025-05-28,12.0,39.0,12.0,2499,14.0,2538.0,2538.0,-2.0,0.39556962025315556,1.5366430260047281,0.5516154452324665
2025-05-29,13.0,38.0,15.0,2506,11.0,2544.0,2544.0,4.0,0.23640661938533203,1.4937106918238994,0.43238993710691825
2025-06-01,8.0,24.0,16.0,2528,12.0,2552.0,2552.0,4.0,0.3144654088050425,0.9404388714733543,0.4702194357366771
2025-06-02,10.0,19.0,5.0,2518,16.0,2537.0,2537.0,-11.0,0.5877742946708508,0.7489160425699646,0.6306661411115491
2025-06-03,5.0,23.0,11.0,2519,15.0,2542.0,2542.0,-4.0,0.19708316909736734,0.9047993705743509,0.5900865460267506
2025-06-04,4.0,16.0,9.0,2516,16.0,2532.0,2532.0,-7.0,0.3933910306844979,0.631911532385466,0.631911532385466
2025-06-05,8.0,26.0,5.0,2503,21.0,2529.0,2529.0,-16.0,0.11848341232227888,1.0280743376828785,0.8303677342823249
2025-06-08,10.0,16.0,15.0,2507,13.0,2523.0,2523.0,2.0,0.23724792408066353,0.6341656757827983,0.5152596115735236
2025-06-09,8.0,21.0,14.0,2516,9.0,2537.0,2537.0,5.0,0.5548949663099378,0.8277493102089082,0.35474970437524633
2025-06-10,17.0,28.0,7.0,2511,12.0,2539.0,2539.0,-5.0,0.07883326763893361,1.1027963765261914,0.47262701851122485
2025-06-17,7.0,24.0,10.0,2523,14.0,2547.0,2547.0,-4.0,0.3150846790074935,0.9422850412249705,0.5496662740478995
2025-06-19,8.0,19.0,7.0,2501,18.0,2520.0,2520.0,-11.0,1.0600706713780883,0.753968253968254,0.7142857142857143
2025-06-22,7.0,13.0,5.0,2508,7.0,2521.0,2521.0,-2.0,0.03968253968253954,0.5156683855612851,0.2776675922253074
2025-06-23,3.0,15.0,5.0,2495,17.0,2510.0,2510.0,-12.0,0.4363347877826218,0.5976095617529881,0.6772908366533864
2025-06-24,5.0,20.0,5.0,2489,16.0,2509.0,2509.0,-11.0,0.03984063745019473,0.7971303308090874,0.6377042646472698
2025-06-25,6.0,12.0,2.0,2470,24.0,2482.0,2482.0,-22.0,1.0761259465922657,0.4834810636583401,0.9669621273166802
2025-06-26,3.0,9.0,7.0,2447,35.0,2456.0,2456.0,-28.0,1.0475423045930743,0.36644951140065146,1.4250814332247557
2025-06-29,5.0,17.0,7.0,2413,20.0,2430.0,2430.0,-13.0,1.0586319218241047,0.6995884773662552,0.823045267489712
2025-06-30,9.0,22.0,8.0,2407,16.0,2429.0,2429.0,-8.0,0.04115226337448874,0.9057225195553726,0.6587072869493619
2025-07-01,7.0,14.0,6.0,2391,22.0,2405.0,2405.0,-16.0,0.9880609304240395,0.5821205821205822,0.9147609147609148
2025-07-02,8.0,20.0,9.0,2373,38.0,2393.0,2393.0,-29.0,0.498960498960499,0.8357709987463435,1.5879648976180525
2025-07-06,4.0,17.0,2.0,2332,8.0,2349.0,2349.0,-6.0,1.8386961972419513,0.7237122179650916,0.34057045551298426
2025-07-07,3.0,18.0,8.0,2317,20.0,2335.0,2335.0,-12.0,0.5959982971477262,0.7708779443254818,0.8565310492505354
2025-07-08,5.0,16.0,8.0,2306,20.0,2322.0,2322.0,-12.0,0.5567451820128522,0.6890611541774333,0.8613264427217916
2025-07-09,2.0,18.0,0.0,2281,32.0,2299.0,2299.0,-32.0,0.9905254091300608,0.7829491083079599,1.3919095258808178
2025-07-10,2.0,12.0,3.0,2252,39.0,2264.0,2264.0,-36.0,1.5224010439321423,0.5300353356890459,1.7226148409893993
2025-07-13,1.0,13.0,4.0,2204,10.0,2217.0,2217.0,-6.0,2.075971731448767,0.5863779882724403,0.4510599909788002
2025-07-14,2.0,9.0,1.0,2181,26.0,2190.0,2190.0,-25.0,1.2178619756427644,0.410958904109589,1.187214611872146
2025-07-15,0.0,8.0,5.0,2171,17.0,2179.0,2179.0,-12.0,0.5022831050228271,0.36714089031665903,0.7801743919229004
2025-07-16,1.0,9.0,0.0,2164,11.0,2173.0,2173.0,-11.0,0.275355667737498,0.41417395306028537,0.5062126092959043
2025-07-17,3.0,16.0,2.0,2153,17.0,2169.0,2169.0,-15.0,0.18407731247124248,0.7376671277086214,0.7837713231904103
2025-07-21,4.0,18.0,7.0,2121,16.0,2139.0,2139.0,-9.0,1.3831258644536604,0.8415147265077139,0.748013090229079
2025-07-22,5.0,13.0,3.0,2117,16.0,2130.0,2130.0,-13.0,0.42075736325385416,0.6103286384976526,0.7511737089201878
2025-07-23,6.0,21.0,5.0,2111,14.0,2132.0,2132.0,-9.0,0.09389671361501595,0.9849906191369606,0.6566604127579738
2025-07-24,6.0,18.0,7.0,2096,29.0,2114.0,2114.0,-22.0,0.8442776735459678,0.8514664143803218,1.3718070009460739
2025-07-27,1.0,12.0,2.0,2088,4.0,2100.0,2100.0,-2.0,0.6622516556291425,0.5714285714285714,0.19047619047619047
2025-07-28,2.0,9.0,3.0,2080,14.0,2089.0,2089.0,-11.0,0.5238095238095264,0.430828147438966,0.6701771182383915
2025-07-29,2.0,8.0,3.0,2072,12.0,2080.0,2080.0,-9.0,0.43082814743896636,0.38461538461538464,0.576923076923077
2025-07-30,4.0,15.0,4.0,2063,16.0,2078.0,2078.0,-12.0,0.09615384615384581,0.7218479307025986,0.769971126082772
2025-07-31,2.0,9.0,6.0,2058,15.0,2067.0,2067.0,-9.0,0.5293551491819093,0.43541364296081275,0.7256894049346879
2025-08-03,5.0,26.0,3.0,2049,5.0,2075.0,2075.0,-2.0,0.38703434929849845,1.253012048192771,0.24096385542168677
2025-08-04,5.0,22.0,11.0,2040,14.0,2062.0,2062.0,-3.0,0.6265060240963849,1.066925315227934,0.6789524733268671
2025-08-05,2.0,21.0,10.0,2042,14.0,2063.0,2063.0,-4.0,0.04849660523762456,1.0179350460494425,0.6786233640329618
2025-08-06,4.0,17.0,3.0,2036,13.0,2053.0,2053.0,-10.0,0.4847309743092554,0.8280565026790063,0.6332196785192401
2025-08-07,4.0,18.0,6.0,2031,17.0,2049.0,2049.0,-11.0,0.1948368241597609,0.8784773060029283,0.8296730112249878
2025-08-10,0.0,18.0,8.0,2006,12.0,2024.0,2024.0,-4.0,1.2201073694485087,0.8893280632411068,0.592885375494071
2025-08-11,6.0,23.0,4.0,1999,16.0,2022.0,2022.0,-12.0,0.09881422924901129,1.1374876360039565,0.791295746785361
2025-08-12,8.0,38.0,9.0,1999,9.0,2037.0,2037.0,0.0,0.7418397626112849,1.8654884634266078,0.4418262150220913
2025-08-13,6.0,22.0,12.0,1997,17.0,2019.0,2019.0,-5.0,0.8836524300441795,1.0896483407627537,0.8420009905894007
2025-08-14,3.0,27.0,4.0,1994,11.0,2021.0,2021.0,-7.0,0.0990589400693409,1.3359722909450766,0.5442850074220682
2025-08-17,4.0,14.0,2.0,1991,3.0,2005.0,2005.0,-1.0,0.7916872835230127,0.6982543640897756,0.14962593516209477
2025-08-18,4.0,20.0,6.0,1985,14.0,2005.0,2005.0,-8.0,0.0,0.997506234413965,0.6982543640897756
2025-08-19,5.0,35.0,3.0,1980,11.0,2015.0,2015.0,-8.0,0.4987531172069737,1.7369727047146404,0.5459057071960298
2025-08-20,10.0,38.0,10.0,1983,10.0,2021.0,2021.0,0.0,0.29776674937964653,1.880257298367145,0.49480455220188024
2025-08-21,6.0,49.0,8.0,1972,21.0,2021.0,2021.0,-13.0,0.0,2.4245423057892133,1.0390895596239487
2025-08-24,4.0,21.0,5.0,1981,5.0,2002.0,2002.0,0.0,0.9401286491835692,1.048951048951049,0.24975024975024976
2025-08-25,8.0,30.0,8.0,1980,11.0,2010.0,2010.0,-3.0,0.3996003996004083,1.4925373134328357,0.5472636815920399
2025-08-26,10.0,21.0,20.0,1989,15.0,2010.0,2010.0,5.0,0.0,1.0447761194029852,0.7462686567164178
2025-08-27,5.0,19.0,9.0,1988,19.0,2007.0,2007.0,-10.0,0.14925373134327957,0.9466865969108121,0.9466865969108121
2025-08-28,8.0,33.0,6.0,1984,17.0,2017.0,2017.0,-11.0,0.49825610363727346,1.636093207734259,0.842835894893406
2025-09-01,10.0,29.0,17.0,2010,5.0,2039.0,2039.0,12.0,1.0907288051561714,1.4222658165767532,0.24521824423737126
2025-09-02,6.0,35.0,9.0,2020,9.0,2055.0,2055.0,0.0,0.7846983815595898,1.70316301703163,0.43795620437956206
2025-09-03,4.0,29.0,11.0,2019,10.0,2048.0,2048.0,1.0,0.3406326034063212,1.416015625,0.48828125
2025-09-04,11.0,40.0,2.0,2015,14.0,2055.0,2055.0,-12.0,0.341796875,1.9464720194647203,0.6812652068126521
2025-09-07,4.0,19.0,9.0,2026,7.0,2045.0,2045.0,2.0,0.48661800486617945,0.9290953545232273,0.3422982885085574
2025-09-08,7.0,25.0,5.0,2025,6.0,2050.0,2050.0,-1.0,0.24449877750611915,1.2195121951219512,0.2926829268292683
2025-09-09,18.0,42.0,11.0,2023,14.0,2065.0,2065.0,-3.0,0.7317073170731714,2.0338983050847457,0.6779661016949152
2025-09-10,10.0,47.0,14.0,2025,18.0,2072.0,2072.0,-4.0,0.3389830508474523,2.2683397683397684,0.8687258687258688
2025-09-11,12.0,38.0,29.0,2047,6.0,2085.0,2085.0,23.0,0.6274131274131234,1.8225419664268585,0.28776978417266186
2025-09-14,7.0,39.0,13.0,2083,5.0,2122.0,2122.0,8.0,1.7745803357314127,1.8378887841658813,0.23562676720075398
2025-09-15,9.0,47.0,10.0,2086,10.0,2133.0,2133.0,0.0,0.5183788878416529,2.203469292076887,0.46882325363338023
2025-09-16,7.0,28.0,17.0,2095,12.0,2123.0,2123.0,5.0,0.46882325363337696,1.31888836552049,0.5652378709373528
2025-09-17,7.0,38.0,5.0,2096,13.0,2134.0,2134.0,-8.0,0.5181347150259086,1.7806935332708531,0.6091846298031866
2025-09-18,20.0,52.0,11.0,2096,14.0,2148.0,2148.0,-3.0,0.6560449859418949,2.4208566108007448,0.6517690875232774
2025-09-21,8.0,35.0,13.0,2134,5.0,2169.0,2169.0,8.0,0.9776536312849249,1.6136468418626098,0.23052097740894423
2025-09-22,17.0,40.0,14.0,2141,10.0,2181.0,2181.0,4.0,0.5532503457814641,1.8340210912425492,0.4585052728106373
2025-09-23,11.0,36.0,10.0,2145,15.0,2181.0,2181.0,-5.0,0.0,1.6506189821182942,0.6877579092159559
2025-09-24,3.0,38.0,12.0,2138,17.0,2176.0,2176.0,-5.0,0.22925263640531934,1.7463235294117647,0.78125
2025-09-25,6.0,35.0,12.0,2132,18.0,2167.0,2167.0,-6.0,0.4136029411764719,1.6151361329026301,0.8306414397784956
2025-09-28,11.0,29.0,12.0,2146,9.0,2175.0,2175.0,3.0,0.369173973234882,1.3333333333333335,0.41379310344827586
2025-09-29,8.0,35.0,12.0,2148,13.0,2183.0,2183.0,-1.0,0.36781609195402076,1.603298213467705,0.5955107650022904
2025-09-30,8.0,32.0,12.0,2159,7.0,2191.0,2191.0,5.0,0.3664681630783262,1.460520310360566,0.3194888178913738
2025-10-01,4.0,33.0,12.0,2163,14.0,2196.0,2196.0,-2.0,0.22820629849384932,1.5027322404371584,0.6375227686703097
2025-10-02,20.0,51.0,15.0,2164,16.0,2215.0,2215.0,-1.0,0.8652094717668479,2.3024830699774266,0.7223476297968396
2025-10-05,8.0,28.0,13.0,2180,16.0,2208.0,2208.0,-3.0,0.31602708803611934,1.2681159420289856,0.7246376811594203
2025-10-06,5.0,33.0,15.0,2187,10.0,2220.0,2220.0,5.0,0.5434782608695565,1.4864864864864866,0.45045045045045046
2025-10-07,11.0,45.0,4.0,2189,10.0,2234.0,2234.0,-6.0,0.6306306306306242,2.0143240823634736,0.4476275738585497
2025-10-08,8.0,49.0,15.0,2192,17.0,2241.0,2241.0,-2.0,0.3133393017009878,2.186523873270861,0.7585899152164213
2025-10-09,11.0,55.0,13.0,2192,12.0,2247.0,2247.0,1.0,0.2677376171352108,2.4477080551846906,0.5340453938584779
2025-10-13,8.0,24.0,7.0,2223,6.0,2247.0,2247.0,1.0,0.0,1.0680907877169559,0.26702269692923897
2025-10-14,7.0,30.0,16.0,2235,8.0,2265.0,2265.0,8.0,0.8010680907877266,1.3245033112582782,0.35320088300220753
2025-10-15,8.0,29.0,10.0,2225,15.0,2254.0,2254.0,-5.0,0.4856512141280356,1.2866015971606033,0.6654835847382431
2025-10-16,9.0,33.0,15.0,2233,9.0,2266.0,2266.0,6.0,0.5323868677906018,1.4563106796116505,0.39717563989408644
2025-10-19,9.0,34.0,17.0,2237,7.0,2271.0,2271.0,10.0,0.22065313327448433,1.4971378247468077,0.30823425803610743
2025-10-20,10.0,39.0,6.0,2243,7.0,2282.0,2282.0,-1.0,0.484368119771017,1.7090271691498686,0.3067484662576687
2025-10-21,13.0,39.0,17.0,2251,9.0,2290.0,2290.0,8.0,0.35056967572304476,1.703056768558952,0.39301310043668125
2025-10-22,12.0,42.0,13.0,2261,12.0,2303.0,2303.0,1.0,0.5676855895196509,1.82370820668693,0.5210594876248371
2025-10-23,4.0,27.0,26.0,2266,18.0,2293.0,2293.0,8.0,0.43421623968736833,1.1774967291757523,0.7849978194505015
2025-10-26,4.0,35.0,12.0,2276,10.0,2311.0,2311.0,2.0,0.7849978194504947,1.5144958892254434,0.4327131112072695
2025-10-27,2.0,31.0,8.0,2282,11.0,2313.0,2313.0,-3.0,0.08654262224145892,1.340250756593169,0.4755728491137051
2025-10-28,6.0,22.0,11.0,2286,6.0,2308.0,2308.0,5.0,0.2161694768698652,0.9532062391681109,0.25996533795493937
2025-10-29,6.0,25.0,4.0,2280,17.0,2305.0,2305.0,-13.0,0.12998266897746857,1.0845986984815619,0.737527114967462
2025-10-30,3.0,17.0,14.0,2287,12.0,2304.0,2304.0,2.0,0.04338394793925726,0.7378472222222222,0.5208333333333333
2025-11-02,5.0,21.0,10.0,2277,7.0,2298.0,2298.0,3.0,0.26041666666666297,0.9138381201044387,0.30461270670147955
2025-11-03,3.0,28.0,5.0,2269,12.0,2297.0,2297.0,-7.0,0.04351610095735259,1.2189812799303439,0.5224205485415759
2025-11-04,6.0,33.0,6.0,2270,8.0,2303.0,2303.0,-2.0,0.2612102742707956,1.4329135909683022,0.34737299174989145
2025-11-05,8.0,41.0,8.0,2272,7.0,2313.0,2313.0,1.0,0.43421623968735723,1.772589710332901,0.3026372676178124
2025-11-06,6.0,33.0,9.0,2264,19.0,2297.0,2297.0,-10.0,0.6917423259835687,1.436656508489334,0.827165868524162
2025-11-09,11.0,33.0,5.0,2294,4.0,2327.0,2327.0,1.0,1.3060513713539335,1.4181349376880104,0.17189514396218308
2025-11-11,11.0,39.0,12.0,2294,14.0,2333.0,2333.0,-2.0,0.25784271594326835,1.6716673810544362,0.6000857265323617
2025-11-12,14.0,48.0,20.0,2302,7.0,2350.0,2350.0,13.0,0.7286755250750065,2.0425531914893615,0.2978723404255319
2025-11-13,6.0,26.0,16.0,2317,5.0,2343.0,2343.0,11.0,0.29787234042553123,1.1096884336320956,0.21340162185232608
2025-11-16,5.0,22.0,3.0,2340,5.0,2362.0,2362.0,-2.0,0.8109261630388387,0.9314140558848433,0.21168501270110077
2025-11-17,1.0,35.0,6.0,2343,8.0,2378.0,2378.0,-2.0,0.6773920406435208,1.471825063078217,0.33641715727502103
2025-11-18,2.0,38.0,8.0,2345,12.0,2383.0,2383.0,-4.0,0.2102607232968845,1.594628619387327,0.5035669324381032
2025-11-19,7.0,32.0,3.0,2340,10.0,2372.0,2372.0,-7.0,0.46160302140159093,1.3490725126475547,0.42158516020236086
2025-11-20,18.0,57.0,8.0,2340,9.0,2397.0,2397.0,-1.0,1.0539629005059004,2.3779724655819776,0.37546933667083854
2025-11-23,3.0,46.0,22.0,2375,1.0,2421.0,2421.0,21.0,1.001251564455563,1.900041305245766,0.04130524576621231
2025-11-24,9.0,40.0,9.0,2371,13.0,2411.0,2411.0,-4.0,0.41305245766212195,1.659062629614268,0.5391953546246371
2025-11-25,6.0,47.0,14.0,2375,11.0,2422.0,2422.0,3.0,0.45624222314393226,1.9405450041288193,0.45417010734929814
2025-11-27,4.0,24.0,8.0,2389,7.0,2413.0,2413.0,1.0,0.37159372419488523,0.9946125155408205,0.29009531703273933
2025-11-30,4.0,18.0,10.0,2415,0.0,2433.0,2433.0,10.0,0.8288437629506928,0.7398273736128237,0.0
2025-12-01,4.0,26.0,4.0,2410,9.0,2436.0,2436.0,-5.0,0.12330456226881115,1.0673234811165846,0.3694581280788177
2025-12-02,7.0,34.0,6.0,2407,8.0,2441.0,2441.0,-2.0,0.20525451559934016,1.3928717738631708,0.3277345350266284
2025-12-03,4.0,32.0,8.0,2419,7.0,2451.0,2451.0,1.0,0.4096681687832948,1.3055895552835577,0.28559771521827826
2025-12-04,16.0,39.0,7.0,2418,13.0,2457.0,2457.0,-6.0,0.244798041615657,1.5873015873015872,0.5291005291005291
2025-12-07,4.0,24.0,13.0,2429,12.0,2453.0,2453.0,1.0,0.16280016280015852,0.9783938035059111,0.48919690175295555
2025-12-08,9.0,27.0,9.0,2440,4.0,2467.0,2467.0,5.0,0.570729718711771,1.0944466963923796,0.16214025131738954
2025-12-09,4.0,30.0,7.0,2443,8.0,2473.0,2473.0,-1.0,0.2432103769760774,1.213101496158512,0.3234937323089365
2025-12-10,10.0,54.0,5.0,2439,9.0,2493.0,2493.0,-4.0,0.8087343307723316,2.166064981949458,0.36101083032490977
2025-12-11,7.0,47.0,9.0,2437,10.0,2484.0,2484.0,-1.0,0.3610108303249149,1.892109500805153,0.40257648953301123
2025-12-14,8.0,35.0,4.0,2462,8.0,2497.0,2497.0,-4.0,0.523349436392917,1.4016820184221064,0.32038446135362436
2025-12-15,11.0,42.0,9.0,2470,7.0,2512.0,2512.0,2.0,0.6007208650380402,1.6719745222929936,0.2786624203821656
2025-12-16,8.0,54.0,15.0,2468,9.0,2522.0,2522.0,6.0,0.398089171974525,2.141157811260904,0.3568596352101507
2025-12-17,7.0,31.0,11.0,2481,10.0,2512.0,2512.0,1.0,0.3965107057890549,1.2340764331210192,0.3980891719745223
2025-12-18,11.0,50.0,6.0,2472,16.0,2522.0,2522.0,-10.0,0.398089171974525,1.9825535289452814,0.63441712926249
2025-12-21,6.0,18.0,11.0,2484,14.0,2502.0,2502.0,-3.0,0.7930214115781098,0.7194244604316548,0.5595523581135092
